audio_id,question_id,wpm,pause_count,speech_duration,word_count,average_pause,silence_ratio,long_pause_count,filler_count,repetition_count,hesitation_label
AUD_1160,Reading,178,4,42.55,136,,,,,,Low
AUD_2045,Reading,153,6,52.15,73,,,,,,Medium
AUD_2653,Reading,152,6,21.02,109,,,,,,Medium
AUD_3960,Reading,117,3,78.38,85,,,,,,High
AUD_4871,Spontaneous,100,2,87.76,81,,,,,,Medium
AUD_2167,Reading,139,10,75.42,58,,,,,,High
AUD_3390,Reading,150,10,28.54,107,,,,,,Medium
AUD_3025,Reading,91,12,67.1,119,,,,,,Medium
AUD_1907,Spontaneous,178,12,79.65,175,,,,,,Medium
AUD_4042,Reading,146,5,42.29,138,,,,,,High
AUD_2557,Spontaneous,96,5,73.25,54,,,,,,High
AUD_3049,Spontaneous,169,11,75.09,115,,,,,,High
AUD_3484,Spontaneous,120,11,47.54,98,,,,,,Medium
AUD_3339,Reading,162,14,79.83,73,,,,,,Medium
AUD_744,Reading,162,2,51.14,145,,,,,,High
AUD_181,Reading,121,4,62.17,194,,,,,,High
AUD_2666,Spontaneous,135,5,61.42,117,,,,,,Medium
AUD_1275,Reading,121,5,25.0,152,,,,,,High
AUD_4601,Reading,153,2,54.06,193,,,,,,Medium
AUD_228,Spontaneous,118,2,87.41,83,,,,,,High
AUD_2515,Spontaneous,149,10,25.56,115,,,,,,Medium
AUD_2183,Reading,111,11,21.53,132,,,,,,Medium
AUD_873,Reading,162,9,67.87,55,,,,,,Medium
AUD_4386,Reading,165,5,81.15,181,,,,,,Medium
AUD_1702,Spontaneous,140,8,30.92,178,,,,,,Medium
AUD_1587,Reading,96,12,64.95,169,,,,,,Low
AUD_925,Spontaneous,120,5,64.2,198,,,,,,Medium
AUD_522,Spontaneous,140,11,88.95,86,,,,,,High
AUD_3892,Reading,153,4,42.24,189,,,,,,High
AUD_4803,Spontaneous,101,7,57.99,118,,,,,,High
AUD_4543,Reading,139,9,60.93,115,,,,,,High
AUD_408,Reading,129,8,53.07,52,,,,,,High
AUD_1078,Spontaneous,144,13,44.69,129,,,,,,Medium
AUD_3565,Reading,113,3,86.62,53,,,,,,High
AUD_1558,Reading,132,10,77.39,91,,,,,,High
AUD_1145,Spontaneous,127,7,28.06,80,,,,,,Low
AUD_4390,Reading,108,9,70.22,132,,,,,,High
AUD_1606,Spontaneous,164,14,62.76,189,,,,,,Medium
AUD_4616,Spontaneous,161,9,74.25,174,,,,,,High
AUD_1714,Reading,144,9,50.03,142,,,,,,Medium
AUD_763,Spontaneous,118,14,55.39,129,,,,,,Low
AUD_160,Reading,117,12,40.36,60,,,,,,High
AUD_4021,Reading,176,3,55.82,85,,,,,,Medium
AUD_2025,Reading,109,2,27.62,160,,,,,,Medium
AUD_2869,Spontaneous,156,8,65.84,113,,,,,,High
AUD_3721,Spontaneous,148,5,72.34,66,,,,,,Medium
AUD_3489,Spontaneous,138,6,56.68,73,,,,,,High
AUD_787,Reading,134,7,83.24,78,,,,,,Medium
AUD_3425,Spontaneous,107,11,81.35,170,,,,,,Medium
AUD_2624,Spontaneous,173,9,44.78,84,,,,,,Medium
AUD_1753,Reading,118,12,80.88,110,,,,,,Low
AUD_2629,Spontaneous,139,11,36.7,86,,,,,,Low
AUD_1638,Reading,166,11,69.45,180,,,,,,Low
AUD_3589,Reading,95,12,40.73,199,,,,,,Medium
AUD_1186,Reading,99,6,65.22,89,,,,,,High
AUD_1791,Spontaneous,108,9,34.9,56,,,,,,Low
AUD_1124,Spontaneous,158,3,46.2,191,,,,,,Medium
AUD_2255,Reading,122,10,45.36,61,,,,,,High
AUD_2991,Spontaneous,109,13,84.03,88,,,,,,High
AUD_4364,Reading,125,12,80.06,58,,,,,,Medium
AUD_1187,Reading,144,2,67.43,123,,,,,,High
AUD_3004,Reading,137,11,46.92,118,,,,,,Medium
AUD_1062,Reading,136,8,42.49,196,,,,,,Low
AUD_1243,Spontaneous,131,14,46.94,100,,,,,,High
AUD_2265,Reading,175,13,35.26,122,,,,,,Low
AUD_1505,Reading,119,9,56.32,96,,,,,,High
AUD_1823,Reading,152,2,38.68,103,,,,,,Medium
AUD_862,Reading,165,9,69.53,171,,,,,,High
AUD_3366,Reading,126,5,63.66,56,,,,,,High
AUD_714,Spontaneous,164,13,71.12,167,,,,,,High
AUD_4669,Reading,178,6,75.86,191,,,,,,High
AUD_4250,Reading,146,14,70.04,91,,,,,,Medium
AUD_3823,Spontaneous,169,14,23.72,93,,,,,,Medium
AUD_388,Spontaneous,95,4,86.5,124,,,,,,High
AUD_1540,Reading,160,9,34.66,65,,,,,,High
AUD_4823,Reading,177,10,68.46,66,,,,,,Low
AUD_943,Spontaneous,100,9,77.26,183,,,,,,High
AUD_2091,Reading,145,10,33.74,163,,,,,,High
AUD_531,Spontaneous,130,4,81.49,73,,,,,,Medium
AUD_2512,Spontaneous,164,14,75.56,77,,,,,,Medium
AUD_838,Spontaneous,93,4,72.45,81,,,,,,High
AUD_3032,Reading,113,7,35.29,146,,,,,,Medium
AUD_3448,Reading,115,3,53.96,183,,,,,,High
AUD_1057,Spontaneous,116,12,20.89,199,,,,,,Medium
AUD_1835,Reading,126,14,42.06,162,,,,,,Medium
AUD_4013,Spontaneous,161,6,71.37,102,,,,,,Medium
AUD_1046,Spontaneous,129,2,64.16,160,,,,,,Low
AUD_400,Spontaneous,175,7,34.25,161,,,,,,High
AUD_3363,Spontaneous,118,4,72.33,71,,,,,,Medium
AUD_2848,Spontaneous,161,5,34.71,104,,,,,,Low
AUD_2908,Reading,161,11,39.2,97,,,,,,High
AUD_4008,Reading,133,11,73.26,93,,,,,,Medium
AUD_1508,Spontaneous,171,6,83.51,197,,,,,,High
AUD_463,Spontaneous,132,12,81.42,154,,,,,,Medium
AUD_4041,Reading,110,12,33.71,103,,,,,,High
AUD_2305,Reading,125,14,54.12,67,,,,,,High
AUD_4612,Spontaneous,106,10,41.03,179,,,,,,Low
AUD_4506,Reading,151,10,75.89,125,,,,,,High
AUD_616,Reading,171,9,45.68,81,,,,,,Medium
AUD_2212,Spontaneous,127,8,33.07,79,,,,,,Medium
AUD_1534,Spontaneous,138,14,56.73,82,,,,,,Low
AUD_2037,Spontaneous,171,5,52.63,89,,,,,,High
AUD_1198,Spontaneous,172,8,83.94,188,,,,,,Medium
AUD_1864,Reading,161,3,35.69,86,,,,,,High
AUD_1072,Reading,124,2,79.24,98,,,,,,High
AUD_1720,Reading,163,8,64.64,131,,,,,,High
AUD_4754,Spontaneous,132,5,25.29,115,,,,,,Low
AUD_1938,Reading,122,3,34.59,194,,,,,,High
AUD_2053,Reading,103,8,88.28,146,,,,,,High
AUD_946,Reading,112,3,34.36,58,,,,,,Medium
AUD_476,Spontaneous,137,2,88.13,116,,,,,,High
AUD_747,Reading,139,2,73.81,121,,,,,,High
AUD_832,Spontaneous,149,3,37.82,109,,,,,,Low
AUD_4852,Spontaneous,140,10,32.93,140,,,,,,Medium
AUD_2507,Spontaneous,177,12,69.75,156,,,,,,Medium
AUD_3983,Reading,105,14,27.35,180,,,,,,High
AUD_451,Reading,100,9,63.12,96,,,,,,High
AUD_3732,Spontaneous,172,2,51.98,96,,,,,,High
AUD_538,Spontaneous,122,6,74.48,141,,,,,,High
AUD_1296,Reading,146,11,88.06,68,,,,,,High
AUD_2456,Spontaneous,143,5,29.21,195,,,,,,Medium
AUD_1562,Reading,105,13,32.1,167,,,,,,High
AUD_3921,Spontaneous,122,14,54.24,148,,,,,,High
AUD_3828,Reading,98,14,73.33,67,,,,,,Medium
AUD_1098,Reading,146,4,32.76,110,,,,,,Medium
AUD_3908,Reading,107,13,38.01,91,,,,,,High
AUD_2730,Reading,103,10,71.53,61,,,,,,High
AUD_3927,Spontaneous,96,2,73.54,95,,,,,,Low
AUD_1563,Spontaneous,130,5,77.61,101,,,,,,Medium
AUD_4495,Spontaneous,103,9,78.54,165,,,,,,Medium
AUD_3526,Reading,96,14,27.29,120,,,,,,Medium
AUD_3393,Spontaneous,103,7,82.03,55,,,,,,Medium
AUD_3849,Spontaneous,167,14,65.84,185,,,,,,High
AUD_2189,Reading,126,10,44.18,124,,,,,,High
AUD_491,Spontaneous,113,6,52.47,60,,,,,,High
AUD_3443,Reading,126,6,58.21,195,,,,,,Medium
AUD_2024,Spontaneous,142,14,45.55,159,,,,,,High
AUD_2054,Reading,171,4,73.63,164,,,,,,Medium
AUD_3094,Reading,141,8,78.38,63,,,,,,Medium
AUD_1519,Reading,134,8,31.35,139,,,,,,Low
AUD_4406,Spontaneous,138,13,81.52,97,,,,,,Medium
AUD_830,Spontaneous,148,4,65.5,115,,,,,,High
AUD_788,Spontaneous,172,8,66.15,89,,,,,,Medium
AUD_2306,Reading,104,9,59.67,112,,,,,,High
AUD_2430,Reading,107,10,82.83,84,,,,,,High
AUD_4019,Spontaneous,177,5,88.05,59,,,,,,Low
AUD_3697,Spontaneous,134,3,46.81,199,,,,,,Medium
AUD_783,Reading,119,9,66.0,112,,,,,,Low
AUD_2031,Reading,148,14,53.87,51,,,,,,Medium
AUD_2039,Reading,108,13,81.68,190,,,,,,High
AUD_3383,Reading,140,14,64.55,107,,,,,,High
AUD_1523,Spontaneous,158,5,66.48,197,,,,,,Medium
AUD_4194,Spontaneous,121,12,68.91,138,,,,,,Medium
AUD_1744,Spontaneous,126,9,35.61,181,,,,,,Medium
AUD_4422,Spontaneous,149,4,83.92,182,,,,,,High
AUD_4981,Spontaneous,128,3,76.38,189,,,,,,High
AUD_4432,Reading,114,5,51.81,53,,,,,,High
AUD_2797,Reading,101,14,88.19,163,,,,,,Medium
AUD_1616,Reading,155,9,43.54,197,,,,,,Medium
AUD_4821,Spontaneous,130,9,44.73,162,,,,,,High
AUD_1968,Reading,163,8,42.36,156,,,,,,High
AUD_2426,Spontaneous,175,10,52.18,193,,,,,,High
AUD_2462,Reading,117,7,20.72,186,,,,,,High
AUD_4998,Reading,140,9,78.97,183,,,,,,Medium
AUD_1095,Reading,113,11,23.52,76,,,,,,Medium
AUD_1604,Spontaneous,135,5,20.69,191,,,,,,High
AUD_1045,Reading,164,10,40.44,98,,,,,,Medium
AUD_3826,Reading,118,10,64.01,161,,,,,,Medium
AUD_248,Reading,170,12,48.35,175,,,,,,Medium
AUD_3277,Reading,99,9,86.07,64,,,,,,High
AUD_2914,Spontaneous,99,2,74.57,103,,,,,,Medium
AUD_4447,Reading,138,14,55.26,149,,,,,,Medium
AUD_3360,Reading,95,10,45.85,67,,,,,,High
AUD_2888,Spontaneous,142,11,84.67,113,,,,,,High
AUD_1495,Reading,139,13,30.68,97,,,,,,Medium
AUD_4670,Reading,180,14,72.29,161,,,,,,High
AUD_3314,Reading,126,8,85.84,199,,,,,,High
AUD_609,Reading,127,4,72.49,172,,,,,,High
AUD_4277,Spontaneous,103,10,45.58,189,,,,,,Medium
AUD_3667,Reading,106,3,74.24,102,,,,,,Medium
AUD_4864,Reading,180,5,71.11,110,,,,,,Medium
AUD_724,Reading,180,10,73.2,50,,,,,,Medium
AUD_1363,Spontaneous,105,3,64.72,52,,,,,,Low
AUD_683,Reading,131,8,33.36,195,,,,,,Medium
AUD_2861,Reading,111,11,89.59,55,,,,,,High
AUD_895,Reading,155,11,62.48,145,,,,,,High
AUD_591,Spontaneous,114,11,57.26,171,,,,,,Low
AUD_2429,Reading,153,13,80.04,67,,,,,,Low
AUD_4256,Spontaneous,99,9,79.86,59,,,,,,High
AUD_3090,Spontaneous,176,11,55.49,125,,,,,,Medium
AUD_4036,Reading,161,11,69.85,164,,,,,,High
AUD_3715,Spontaneous,159,4,85.46,179,,,,,,High
AUD_92,Spontaneous,177,7,23.93,118,,,,,,High
AUD_1815,Spontaneous,104,9,72.84,163,,,,,,Medium
AUD_2441,Spontaneous,121,7,29.44,153,,,,,,High
AUD_3538,Reading,142,4,35.98,70,,,,,,Medium
AUD_2856,Spontaneous,180,9,57.27,141,,,,,,High
AUD_3681,Spontaneous,126,12,34.28,126,,,,,,Medium
AUD_4182,Reading,138,12,37.23,174,,,,,,High
AUD_1271,Spontaneous,169,6,89.57,81,,,,,,Medium
AUD_2108,Spontaneous,93,14,37.67,153,,,,,,Medium
AUD_3357,Reading,135,10,25.73,169,,,,,,Medium
AUD_3914,Spontaneous,153,13,49.0,101,,,,,,Medium
AUD_4795,Spontaneous,126,14,71.46,126,,,,,,Low
AUD_583,Reading,100,12,62.33,86,,,,,,Medium
AUD_2943,Reading,111,12,68.45,89,,,,,,Low
AUD_941,Spontaneous,120,5,37.99,93,,,,,,High
AUD_1901,Spontaneous,179,2,74.53,125,,,,,,Low
AUD_3577,Reading,140,11,55.12,90,,,,,,High
AUD_3659,Spontaneous,168,13,51.41,66,,,,,,High
AUD_1723,Reading,95,4,81.12,188,,,,,,High
AUD_299,Spontaneous,152,14,84.98,107,,,,,,Medium
AUD_1005,Reading,105,14,52.96,195,,,,,,Medium
AUD_2560,Spontaneous,124,8,34.26,84,,,,,,Low
AUD_1767,Reading,166,7,75.51,188,,,,,,High
AUD_3149,Reading,91,10,89.45,169,,,,,,Medium
AUD_4868,Reading,90,6,50.87,147,,,,,,High
AUD_4793,Spontaneous,108,7,59.67,91,,,,,,Medium
AUD_2657,Reading,140,10,55.1,105,,,,,,Medium
AUD_3016,Reading,94,13,28.09,135,,,,,,High
AUD_1804,Reading,158,14,89.58,61,,,,,,High
AUD_3727,Spontaneous,143,6,82.91,119,,,,,,Medium
AUD_4271,Reading,146,13,30.92,51,,,,,,Low
AUD_3573,Spontaneous,131,5,83.84,63,,,,,,High
AUD_2232,Spontaneous,96,7,58.63,96,,,,,,Medium
AUD_3242,Reading,151,12,29.45,75,,,,,,Low
AUD_633,Spontaneous,102,11,73.33,53,,,,,,Medium
AUD_1977,Reading,138,9,46.2,97,,,,,,Medium
AUD_1053,Reading,118,8,73.9,161,,,,,,Medium
AUD_4425,Reading,119,12,44.2,187,,,,,,High
AUD_4174,Reading,170,9,24.81,170,,,,,,Medium
AUD_1408,Spontaneous,127,8,78.56,142,,,,,,Medium
AUD_3206,Spontaneous,115,2,30.67,83,,,,,,High
AUD_2320,Reading,171,2,62.39,182,,,,,,Medium
AUD_3762,Reading,170,5,71.64,127,,,,,,Medium
AUD_1120,Spontaneous,135,6,27.7,83,,,,,,High
AUD_3385,Reading,129,9,48.21,136,,,,,,High
AUD_3740,Spontaneous,142,9,69.41,105,,,,,,Medium
AUD_4588,Reading,164,5,22.03,72,,,,,,High
AUD_4319,Reading,103,8,76.94,157,,,,,,Medium
AUD_200,Spontaneous,97,2,69.75,128,,,,,,Medium
AUD_250,Spontaneous,130,5,81.98,182,,,,,,High
AUD_1747,Reading,151,11,34.89,159,,,,,,Medium
AUD_337,Spontaneous,109,11,34.15,181,,,,,,Medium
AUD_443,Spontaneous,125,11,54.93,107,,,,,,Medium
AUD_3174,Reading,98,6,27.25,55,,,,,,Medium
AUD_824,Reading,118,9,86.57,64,,,,,,High
AUD_4659,Spontaneous,172,3,22.52,104,,,,,,Medium
AUD_4503,Spontaneous,180,13,87.52,70,,,,,,High
AUD_378,Reading,120,4,65.99,186,,,,,,High
AUD_3926,Spontaneous,171,2,25.6,136,,,,,,High
AUD_1626,Reading,177,6,72.69,150,,,,,,High
AUD_4302,Reading,143,4,34.95,110,,,,,,High
AUD_4002,Reading,143,14,64.08,197,,,,,,High
AUD_1294,Reading,91,6,81.38,190,,,,,,Low
AUD_229,Spontaneous,102,11,47.69,170,,,,,,Medium
AUD_2567,Spontaneous,161,9,43.5,195,,,,,,High
AUD_2755,Reading,163,6,45.22,144,,,,,,High
AUD_377,Spontaneous,138,5,76.22,161,,,,,,High
AUD_1969,Reading,121,11,47.39,139,,,,,,Low
AUD_636,Reading,117,12,46.9,54,,,,,,High
AUD_3100,Reading,139,9,69.09,58,,,,,,High
AUD_3012,Reading,149,5,67.9,56,,,,,,Medium
AUD_39,Spontaneous,146,9,50.14,81,,,,,,High
AUD_1668,Reading,93,9,83.16,84,,,,,,Medium
AUD_2236,Spontaneous,169,4,50.83,84,,,,,,High
AUD_3931,Reading,165,3,38.64,120,,,,,,Medium
AUD_2603,Spontaneous,110,12,76.3,136,,,,,,Low
AUD_2239,Reading,99,8,55.74,81,,,,,,High
AUD_892,Reading,176,8,29.59,165,,,,,,Medium
AUD_4234,Reading,166,12,55.1,151,,,,,,Low
AUD_2695,Reading,158,14,40.19,112,,,,,,High
AUD_4066,Reading,92,9,65.99,168,,,,,,High
AUD_202,Reading,114,10,86.5,123,,,,,,High
AUD_2471,Spontaneous,168,5,58.94,52,,,,,,High
AUD_3962,Reading,140,10,86.22,179,,,,,,High
AUD_2912,Spontaneous,92,12,27.36,64,,,,,,High
AUD_803,Spontaneous,112,3,42.02,70,,,,,,Low
AUD_3324,Spontaneous,133,11,63.49,117,,,,,,Medium
AUD_3504,Reading,116,4,42.98,168,,,,,,High
AUD_4972,Spontaneous,124,14,89.48,173,,,,,,Medium
AUD_4950,Reading,131,8,69.6,102,,,,,,High
AUD_206,Reading,105,8,55.12,170,,,,,,High
AUD_2138,Spontaneous,155,3,48.35,53,,,,,,Medium
AUD_4664,Spontaneous,111,4,85.21,159,,,,,,Low
AUD_991,Reading,145,4,56.59,158,,,,,,Medium
AUD_4125,Reading,178,11,25.57,178,,,,,,Medium
AUD_3626,Reading,167,7,68.15,106,,,,,,High
AUD_2202,Reading,163,11,89.46,105,,,,,,Medium
AUD_2086,Reading,126,2,23.06,176,,,,,,High
AUD_1140,Spontaneous,109,13,25.91,146,,,,,,Low
AUD_3765,Reading,144,14,74.17,123,,,,,,Low
AUD_2743,Spontaneous,162,5,50.31,62,,,,,,Medium
AUD_3670,Reading,166,5,47.8,183,,,,,,High
AUD_620,Spontaneous,163,14,50.59,90,,,,,,High
AUD_2448,Spontaneous,114,9,59.14,144,,,,,,High
AUD_2718,Spontaneous,91,4,33.54,124,,,,,,Medium
AUD_136,Reading,157,9,50.61,144,,,,,,Medium
AUD_2301,Spontaneous,104,13,38.63,158,,,,,,High
AUD_4527,Spontaneous,98,4,85.31,112,,,,,,High
AUD_874,Spontaneous,136,5,48.41,135,,,,,,Medium
AUD_2796,Spontaneous,159,14,68.09,132,,,,,,High
AUD_1641,Spontaneous,143,14,34.38,165,,,,,,High
AUD_59,Spontaneous,111,6,49.56,140,,,,,,Medium
AUD_153,Reading,133,9,36.43,107,,,,,,High
AUD_3191,Reading,100,3,45.28,142,,,,,,High
AUD_369,Reading,167,5,41.05,113,,,,,,High
AUD_2644,Spontaneous,107,4,24.93,161,,,,,,High
AUD_393,Reading,93,2,59.29,177,,,,,,High
AUD_4189,Spontaneous,169,13,24.26,198,,,,,,Medium
AUD_3071,Reading,138,8,37.8,90,,,,,,Medium
AUD_1627,Reading,107,4,23.24,50,,,,,,Medium
AUD_174,Spontaneous,138,6,60.82,158,,,,,,Medium
AUD_90,Spontaneous,123,13,54.45,143,,,,,,Medium
AUD_4022,Reading,135,10,59.21,92,,,,,,Medium
AUD_1900,Reading,118,12,71.67,67,,,,,,High
AUD_662,Spontaneous,123,13,59.47,156,,,,,,Medium
AUD_4351,Reading,155,3,66.96,85,,,,,,High
AUD_4384,Spontaneous,147,4,22.23,80,,,,,,High
AUD_4236,Reading,135,11,87.58,109,,,,,,Medium
AUD_2684,Reading,100,8,52.3,129,,,,,,High
AUD_4261,Spontaneous,126,7,37.86,55,,,,,,Medium
AUD_1281,Spontaneous,147,12,47.79,125,,,,,,Low
AUD_1704,Reading,172,4,27.67,120,,,,,,High
AUD_2656,Reading,123,13,83.78,78,,,,,,High
AUD_438,Reading,129,7,28.17,184,,,,,,Medium
AUD_4212,Reading,164,7,70.77,109,,,,,,High
AUD_2446,Spontaneous,164,5,34.27,73,,,,,,Low
AUD_3027,Spontaneous,106,13,60.6,122,,,,,,High
AUD_2532,Spontaneous,122,9,53.3,92,,,,,,Medium
AUD_1147,Spontaneous,143,8,77.16,101,,,,,,High
AUD_1981,Spontaneous,99,4,42.39,142,,,,,,Medium
AUD_36,Reading,92,2,52.02,199,,,,,,Medium
AUD_1148,Spontaneous,102,12,52.57,177,,,,,,Medium
AUD_3810,Reading,163,10,83.28,75,,,,,,Medium
AUD_2061,Spontaneous,159,5,52.88,188,,,,,,High
AUD_2717,Reading,164,14,79.95,153,,,,,,Medium
AUD_2508,Spontaneous,118,5,83.3,120,,,,,,Medium
AUD_2602,Reading,128,6,89.8,114,,,,,,High
AUD_1138,Spontaneous,101,13,80.69,193,,,,,,Medium
AUD_2927,Spontaneous,91,9,25.35,130,,,,,,Low
AUD_1706,Spontaneous,153,5,60.67,142,,,,,,High
AUD_593,Reading,130,12,36.11,121,,,,,,Medium
AUD_720,Reading,127,10,26.06,183,,,,,,High
AUD_2290,Spontaneous,166,2,64.32,121,,,,,,Medium
AUD_4030,Spontaneous,175,3,50.91,117,,,,,,Low
AUD_4456,Reading,179,6,24.66,146,,,,,,Medium
AUD_4923,Reading,98,14,24.6,172,,,,,,Medium
AUD_4633,Spontaneous,123,13,39.83,113,,,,,,Medium
AUD_3163,Reading,166,3,34.4,140,,,,,,Medium
AUD_2736,Spontaneous,105,12,83.19,137,,,,,,High
AUD_3238,Spontaneous,114,9,44.37,148,,,,,,Low
AUD_4626,Spontaneous,135,11,27.9,54,,,,,,High
AUD_4498,Reading,170,5,37.57,141,,,,,,High
AUD_144,Reading,156,6,20.07,157,,,,,,Medium
AUD_3830,Reading,95,2,50.26,103,,,,,,High
AUD_4939,Spontaneous,90,11,58.37,171,,,,,,Medium
AUD_4844,Reading,121,12,21.72,126,,,,,,Low
AUD_432,Spontaneous,150,3,77.72,61,,,,,,Medium
AUD_597,Spontaneous,103,14,50.66,53,,,,,,High
AUD_3394,Reading,92,2,44.76,111,,,,,,Medium
AUD_2264,Spontaneous,109,9,44.22,177,,,,,,High
AUD_1273,Reading,142,9,78.51,195,,,,,,High
AUD_300,Reading,167,2,83.08,97,,,,,,Low
AUD_3528,Spontaneous,120,11,20.13,195,,,,,,Low
AUD_1845,Reading,157,14,30.3,89,,,,,,High
AUD_3684,Spontaneous,151,8,59.07,67,,,,,,Medium
AUD_3706,Spontaneous,147,4,89.46,160,,,,,,Medium
AUD_860,Reading,131,9,52.11,155,,,,,,Medium
AUD_4750,Reading,155,13,32.96,133,,,,,,Medium
AUD_4775,Reading,144,2,71.64,79,,,,,,Medium
AUD_379,Spontaneous,116,12,82.68,176,,,,,,High
AUD_2359,Reading,145,13,86.61,55,,,,,,Medium
AUD_420,Spontaneous,166,10,28.24,61,,,,,,High
AUD_4291,Spontaneous,115,13,56.14,127,,,,,,Medium
AUD_2697,Reading,175,13,30.21,198,,,,,,Medium
AUD_3280,Spontaneous,92,9,80.53,160,,,,,,Medium
AUD_221,Reading,176,7,55.25,186,,,,,,High
AUD_1612,Reading,134,13,20.9,113,,,,,,High
AUD_2609,Reading,144,7,76.93,161,,,,,,High
AUD_3157,Spontaneous,148,10,32.5,130,,,,,,Low
AUD_3286,Spontaneous,131,9,26.31,126,,,,,,High
AUD_4717,Reading,163,8,21.81,154,,,,,,High
AUD_1832,Spontaneous,112,14,45.67,185,,,,,,Medium
AUD_3965,Spontaneous,164,7,77.74,143,,,,,,High
AUD_1686,Reading,153,7,56.23,76,,,,,,Medium
AUD_4530,Spontaneous,121,10,86.8,109,,,,,,Medium
AUD_1394,Spontaneous,177,5,20.84,62,,,,,,Medium
AUD_3859,Spontaneous,158,14,64.8,135,,,,,,Low
AUD_3370,Spontaneous,158,13,51.69,54,,,,,,High
AUD_3501,Reading,102,8,50.51,131,,,,,,High
AUD_2920,Spontaneous,97,10,27.69,119,,,,,,Medium
AUD_2889,Reading,174,5,79.41,194,,,,,,High
AUD_4922,Spontaneous,120,12,65.62,182,,,,,,High
AUD_4107,Spontaneous,124,7,79.18,54,,,,,,High
AUD_1228,Spontaneous,142,10,75.23,164,,,,,,High
AUD_2840,Reading,110,2,73.0,69,,,,,,High
AUD_1837,Spontaneous,174,11,30.04,92,,,,,,High
AUD_4143,Reading,148,3,73.76,54,,,,,,High
AUD_1490,Reading,166,7,54.42,125,,,,,,High
AUD_4301,Reading,104,6,44.03,195,,,,,,Medium
AUD_2192,Spontaneous,99,5,48.6,106,,,,,,Low
AUD_4231,Spontaneous,140,13,70.57,140,,,,,,Medium
AUD_1260,Spontaneous,106,4,31.05,65,,,,,,High
AUD_2323,Reading,173,8,51.82,184,,,,,,Medium
AUD_532,Spontaneous,91,14,57.2,99,,,,,,High
AUD_3780,Reading,117,6,82.47,95,,,,,,Low
AUD_2890,Spontaneous,146,9,54.03,167,,,,,,High
AUD_155,Spontaneous,157,6,70.47,138,,,,,,Medium
AUD_2084,Reading,135,4,82.98,89,,,,,,High
AUD_1068,Reading,176,7,83.09,74,,,,,,Medium
AUD_3044,Reading,156,7,82.65,72,,,,,,Medium
AUD_4377,Spontaneous,128,14,39.1,126,,,,,,Medium
AUD_2451,Spontaneous,142,10,50.54,132,,,,,,Medium
AUD_2277,Spontaneous,124,11,61.55,145,,,,,,High
AUD_2821,Reading,159,13,47.56,133,,,,,,High
AUD_4809,Reading,120,12,82.7,128,,,,,,High
AUD_1143,Spontaneous,118,9,39.72,119,,,,,,High
AUD_1144,Spontaneous,158,4,21.08,104,,,,,,Medium
AUD_3850,Spontaneous,92,11,83.53,115,,,,,,Medium
AUD_2483,Spontaneous,130,10,87.47,99,,,,,,Medium
AUD_56,Spontaneous,142,2,36.57,115,,,,,,High
AUD_2256,Reading,163,11,83.93,133,,,,,,High
AUD_4723,Reading,142,11,85.7,122,,,,,,Medium
AUD_4052,Spontaneous,120,6,77.55,158,,,,,,Medium
AUD_1813,Spontaneous,173,3,71.5,184,,,,,,Medium
AUD_1766,Reading,165,10,82.78,60,,,,,,Medium
AUD_2873,Spontaneous,125,13,28.43,126,,,,,,Low
AUD_4465,Spontaneous,126,5,52.86,63,,,,,,Low
AUD_679,Reading,159,8,81.19,190,,,,,,Medium
AUD_3456,Spontaneous,168,7,69.62,100,,,,,,High
AUD_1926,Reading,104,2,45.03,154,,,,,,High
AUD_2580,Reading,124,11,23.5,189,,,,,,Medium
AUD_704,Reading,122,11,86.36,137,,,,,,High
AUD_2986,Spontaneous,148,3,25.32,179,,,,,,Medium
AUD_2231,Spontaneous,126,5,36.93,165,,,,,,Medium
AUD_2782,Reading,158,2,29.54,164,,,,,,Medium
AUD_936,Spontaneous,101,14,78.97,89,,,,,,High
AUD_1031,Reading,132,11,33.66,89,,,,,,Medium
AUD_2000,Reading,105,7,27.31,114,,,,,,Low
AUD_3084,Reading,97,10,25.28,94,,,,,,High
AUD_738,Spontaneous,103,4,75.33,198,,,,,,High
AUD_1929,Spontaneous,126,11,84.71,189,,,,,,High
AUD_2985,Reading,98,11,64.78,156,,,,,,Medium
AUD_721,Reading,157,4,35.68,172,,,,,,High
AUD_3829,Reading,134,11,73.27,101,,,,,,High
AUD_1382,Reading,116,5,36.02,147,,,,,,Medium
AUD_3432,Spontaneous,150,6,52.86,89,,,,,,High
AUD_890,Spontaneous,97,8,40.49,174,,,,,,High
AUD_362,Spontaneous,113,14,55.23,199,,,,,,Medium
AUD_3570,Spontaneous,168,7,33.76,112,,,,,,Medium
AUD_1330,Spontaneous,125,8,31.45,160,,,,,,Medium
AUD_3662,Reading,137,5,47.64,127,,,,,,High
AUD_3404,Spontaneous,102,8,41.32,181,,,,,,Medium
AUD_3972,Reading,90,3,72.08,74,,,,,,Medium
AUD_2880,Spontaneous,99,12,56.75,106,,,,,,Medium
AUD_1448,Spontaneous,139,9,54.04,118,,,,,,Medium
AUD_1923,Spontaneous,142,13,57.4,158,,,,,,Medium
AUD_2242,Reading,91,6,58.43,171,,,,,,Medium
AUD_1386,Spontaneous,130,12,69.45,85,,,,,,Low
AUD_1678,Reading,97,12,59.55,109,,,,,,Medium
AUD_4367,Reading,145,14,39.76,100,,,,,,Medium
AUD_51,Reading,137,5,36.92,145,,,,,,High
AUD_3279,Reading,178,11,37.42,120,,,,,,Medium
AUD_3615,Spontaneous,159,3,75.31,127,,,,,,High
AUD_3613,Reading,159,14,62.07,116,,,,,,High
AUD_1483,Spontaneous,120,14,49.61,75,,,,,,High
AUD_485,Spontaneous,116,14,39.72,163,,,,,,Medium
AUD_4822,Spontaneous,155,13,24.98,185,,,,,,Medium
AUD_2342,Reading,145,4,56.45,148,,,,,,High
AUD_2968,Reading,143,6,45.28,86,,,,,,Medium
AUD_4650,Reading,168,13,87.66,103,,,,,,Medium
AUD_1956,Reading,103,14,60.87,94,,,,,,Medium
AUD_2083,Spontaneous,119,9,58.06,83,,,,,,Medium
AUD_2414,Spontaneous,113,4,89.91,185,,,,,,High
AUD_2962,Reading,132,6,87.73,198,,,,,,High
AUD_2729,Spontaneous,136,2,35.67,78,,,,,,High
AUD_1677,Reading,134,9,62.15,188,,,,,,Medium
AUD_1378,Spontaneous,91,7,80.88,130,,,,,,High
AUD_2552,Reading,101,12,36.13,127,,,,,,High
AUD_2923,Spontaneous,92,13,35.43,152,,,,,,High
AUD_116,Spontaneous,138,10,56.74,70,,,,,,High
AUD_632,Spontaneous,124,6,84.18,87,,,,,,Medium
AUD_1257,Spontaneous,94,11,77.81,175,,,,,,Medium
AUD_978,Reading,106,13,52.18,73,,,,,,Medium
AUD_4680,Reading,122,14,80.8,193,,,,,,High
AUD_4677,Spontaneous,98,7,39.08,198,,,,,,High
AUD_1607,Spontaneous,113,3,75.24,191,,,,,,Medium
AUD_2257,Reading,174,9,53.33,181,,,,,,Low
AUD_1961,Reading,109,8,63.62,62,,,,,,Medium
AUD_2574,Reading,125,8,49.66,62,,,,,,High
AUD_1918,Reading,155,14,65.94,92,,,,,,Low
AUD_2950,Reading,159,7,32.86,79,,,,,,Low
AUD_4979,Spontaneous,148,14,71.18,156,,,,,,High
AUD_342,Reading,147,12,21.87,76,,,,,,Low
AUD_4797,Spontaneous,140,11,80.16,132,,,,,,Medium
AUD_4031,Spontaneous,177,5,38.75,151,,,,,,Low
AUD_3610,Spontaneous,117,9,61.07,107,,,,,,Medium
AUD_756,Reading,104,7,43.32,102,,,,,,High
AUD_2337,Reading,156,10,65.86,115,,,,,,Medium
AUD_2164,Reading,147,7,33.65,113,,,,,,Medium
AUD_2030,Spontaneous,163,11,35.14,107,,,,,,High
AUD_2975,Reading,155,4,81.69,113,,,,,,High
AUD_2531,Spontaneous,173,5,86.78,82,,,,,,High
AUD_2435,Spontaneous,135,6,88.86,121,,,,,,Medium
AUD_3844,Spontaneous,104,14,64.94,84,,,,,,Medium
AUD_3815,Spontaneous,120,10,25.58,71,,,,,,Medium
AUD_3651,Reading,133,3,79.91,79,,,,,,Medium
AUD_3183,Reading,168,10,39.91,138,,,,,,Low
AUD_2872,Reading,173,3,49.9,170,,,,,,Medium
AUD_4810,Reading,112,11,67.64,159,,,,,,Medium
AUD_2068,Reading,172,14,48.63,78,,,,,,High
AUD_1898,Spontaneous,110,7,47.79,101,,,,,,Medium
AUD_3311,Reading,177,4,65.36,194,,,,,,High
AUD_2215,Spontaneous,115,14,56.12,118,,,,,,Medium
AUD_3196,Reading,108,14,64.39,194,,,,,,Low
AUD_2316,Reading,171,2,39.33,117,,,,,,High
AUD_1895,Spontaneous,167,4,27.2,187,,,,,,Medium
AUD_2296,Spontaneous,119,13,28.89,104,,,,,,Medium
AUD_1406,Spontaneous,175,8,62.28,81,,,,,,Medium
AUD_2222,Reading,105,8,20.09,77,,,,,,Medium
AUD_3534,Spontaneous,118,2,71.07,160,,,,,,Medium
AUD_3384,Spontaneous,149,5,36.15,106,,,,,,Medium
AUD_4949,Reading,159,2,59.47,90,,,,,,High
AUD_4742,Spontaneous,108,14,27.55,114,,,,,,Medium
AUD_1758,Reading,99,4,84.24,98,,,,,,High
AUD_516,Spontaneous,131,2,53.69,56,,,,,,High
AUD_2715,Spontaneous,102,8,34.6,182,,,,,,Medium
AUD_2827,Spontaneous,154,5,71.95,102,,,,,,Medium
AUD_356,Reading,120,2,59.53,178,,,,,,Medium
AUD_93,Spontaneous,110,12,83.77,197,,,,,,Low
AUD_488,Spontaneous,147,11,56.79,121,,,,,,Medium
AUD_4834,Reading,118,7,87.61,174,,,,,,Medium
AUD_2680,Reading,166,3,46.65,139,,,,,,Medium
AUD_157,Reading,137,4,86.01,160,,,,,,Low
AUD_3396,Reading,109,8,31.02,138,,,,,,High
AUD_2929,Reading,165,4,46.79,161,,,,,,Medium
AUD_906,Spontaneous,116,5,48.14,170,,,,,,Low
AUD_387,Spontaneous,91,11,28.11,150,,,,,,Medium
AUD_3158,Spontaneous,107,14,77.65,104,,,,,,Low
AUD_4752,Spontaneous,140,5,26.98,176,,,,,,Medium
AUD_1127,Spontaneous,147,9,76.96,167,,,,,,High
AUD_3097,Reading,171,5,54.93,92,,,,,,High
AUD_1869,Reading,140,14,82.17,171,,,,,,High
AUD_4748,Reading,101,11,29.26,92,,,,,,High
AUD_1722,Spontaneous,106,3,50.23,66,,,,,,High
AUD_2645,Spontaneous,151,8,39.85,95,,,,,,Medium
AUD_1209,Reading,163,4,87.36,150,,,,,,High
AUD_4529,Reading,136,9,87.11,88,,,,,,Medium
AUD_2641,Spontaneous,104,2,76.64,50,,,,,,Medium
AUD_4663,Reading,139,7,23.17,129,,,,,,Medium
AUD_2381,Reading,163,8,62.32,93,,,,,,Medium
AUD_3371,Spontaneous,153,10,79.9,178,,,,,,Medium
AUD_223,Spontaneous,127,2,62.44,155,,,,,,Medium
AUD_4127,Reading,119,13,57.39,69,,,,,,Medium
AUD_2719,Spontaneous,141,7,36.93,138,,,,,,Medium
AUD_1998,Spontaneous,113,5,38.72,90,,,,,,High
AUD_2332,Reading,112,5,52.09,147,,,,,,Medium
AUD_449,Reading,134,12,59.16,133,,,,,,High
AUD_1325,Reading,138,8,76.83,182,,,,,,Medium
AUD_461,Reading,139,2,88.87,77,,,,,,Medium
AUD_4418,Spontaneous,106,14,46.47,173,,,,,,High
AUD_878,Reading,124,13,37.21,90,,,,,,High
AUD_4477,Spontaneous,155,13,36.02,175,,,,,,High
AUD_3702,Reading,168,13,47.53,67,,,,,,Medium
AUD_1569,Reading,175,7,42.98,165,,,,,,Low
AUD_2302,Spontaneous,167,3,50.85,161,,,,,,High
AUD_292,Reading,128,2,84.41,118,,,,,,High
AUD_529,Spontaneous,162,12,72.44,132,,,,,,Medium
AUD_833,Reading,137,4,22.03,177,,,,,,High
AUD_3147,Spontaneous,91,12,51.67,165,,,,,,Medium
AUD_314,Spontaneous,105,9,76.53,71,,,,,,Medium
AUD_1002,Spontaneous,91,5,37.14,56,,,,,,High
AUD_1424,Reading,136,5,55.75,135,,,,,,High
AUD_1966,Spontaneous,110,13,31.13,120,,,,,,Low
AUD_1615,Reading,173,4,31.59,74,,,,,,High
AUD_3625,Spontaneous,126,14,35.8,107,,,,,,High
AUD_3866,Spontaneous,123,2,86.49,179,,,,,,High
AUD_2468,Spontaneous,153,14,61.29,54,,,,,,Medium
AUD_864,Reading,97,9,40.23,172,,,,,,High
AUD_1689,Spontaneous,131,10,66.91,104,,,,,,High
AUD_3596,Spontaneous,169,7,37.15,192,,,,,,High
AUD_4704,Reading,111,7,50.12,92,,,,,,High
AUD_1498,Reading,162,2,85.24,196,,,,,,Medium
AUD_2570,Spontaneous,135,6,53.88,179,,,,,,Medium
AUD_1170,Reading,154,11,29.49,175,,,,,,Medium
AUD_80,Reading,177,12,41.77,137,,,,,,Low
AUD_166,Reading,163,12,74.98,64,,,,,,Low
AUD_4171,Reading,174,13,60.9,114,,,,,,Medium
AUD_951,Spontaneous,122,11,84.02,67,,,,,,Medium
AUD_1125,Spontaneous,151,12,29.44,155,,,,,,High
AUD_3516,Reading,146,6,84.27,149,,,,,,High
AUD_442,Spontaneous,166,14,86.41,165,,,,,,Medium
AUD_2344,Spontaneous,136,14,39.91,56,,,,,,Medium
AUD_676,Reading,134,10,61.96,103,,,,,,Low
AUD_2598,Reading,147,9,75.43,83,,,,,,High
AUD_2784,Spontaneous,123,12,30.43,141,,,,,,Medium
AUD_2351,Reading,156,12,46.25,132,,,,,,High
AUD_497,Reading,161,3,24.01,126,,,,,,High
AUD_1259,Spontaneous,121,4,78.07,53,,,,,,High
AUD_3779,Reading,98,14,65.66,178,,,,,,High
AUD_1400,Reading,150,6,26.8,157,,,,,,Medium
AUD_653,Spontaneous,175,10,50.73,62,,,,,,Low
AUD_3843,Reading,97,2,46.52,185,,,,,,Medium
AUD_3452,Reading,131,5,38.48,164,,,,,,Medium
AUD_1102,Reading,123,10,61.1,178,,,,,,Low
AUD_2419,Spontaneous,173,10,81.45,110,,,,,,Low
AUD_187,Spontaneous,166,2,83.84,182,,,,,,Medium
AUD_1283,Spontaneous,95,3,39.75,198,,,,,,Low
AUD_2509,Spontaneous,123,6,37.59,181,,,,,,Medium
AUD_748,Spontaneous,96,10,58.63,108,,,,,,Medium
AUD_2779,Reading,121,2,69.11,128,,,,,,Low
AUD_3554,Spontaneous,178,3,64.97,138,,,,,,Medium
AUD_2935,Spontaneous,115,6,73.74,147,,,,,,Medium
AUD_1650,Reading,172,3,47.59,82,,,,,,Low
AUD_2369,Reading,92,5,76.2,170,,,,,,High
AUD_3146,Spontaneous,114,4,40.68,93,,,,,,High
AUD_1075,Spontaneous,169,9,58.0,89,,,,,,Low
AUD_4196,Spontaneous,176,5,46.99,130,,,,,,High
AUD_500,Spontaneous,141,2,22.54,84,,,,,,Medium
AUD_3864,Reading,126,8,88.75,122,,,,,,High
AUD_380,Reading,139,2,83.4,155,,,,,,Medium
AUD_3475,Reading,150,7,42.32,142,,,,,,Medium
AUD_4520,Reading,90,6,65.38,180,,,,,,Medium
AUD_3263,Spontaneous,113,4,39.06,115,,,,,,Medium
AUD_2308,Spontaneous,128,3,55.95,124,,,,,,Medium
AUD_3182,Reading,117,3,26.32,112,,,,,,Medium
AUD_3364,Reading,155,3,20.32,69,,,,,,High
AUD_1285,Spontaneous,105,2,87.94,77,,,,,,High
AUD_1456,Reading,113,11,43.52,127,,,,,,Low
AUD_2073,Spontaneous,170,9,53.37,140,,,,,,Low
AUD_3463,Spontaneous,165,8,34.37,80,,,,,,High
AUD_4764,Spontaneous,158,13,53.08,120,,,,,,Low
AUD_343,Reading,156,14,86.34,138,,,,,,Medium
AUD_2520,Reading,137,8,47.97,115,,,,,,Medium
AUD_4890,Spontaneous,102,11,48.54,153,,,,,,Medium
AUD_4345,Spontaneous,174,14,42.56,194,,,,,,High
AUD_4025,Spontaneous,169,5,53.0,189,,,,,,High
AUD_4550,Spontaneous,116,7,82.11,157,,,,,,Low
AUD_2503,Spontaneous,101,7,75.18,175,,,,,,Low
AUD_163,Spontaneous,127,3,75.84,82,,,,,,High
AUD_4306,Reading,162,14,29.42,85,,,,,,High
AUD_4159,Reading,169,3,38.49,74,,,,,,Medium
AUD_3887,Reading,142,4,76.07,141,,,,,,High
AUD_1171,Spontaneous,177,8,30.16,117,,,,,,Low
AUD_102,Reading,120,2,83.35,196,,,,,,Medium
AUD_3627,Reading,91,12,75.61,187,,,,,,High
AUD_3995,Reading,138,8,46.26,91,,,,,,Medium
AUD_1517,Reading,131,5,62.37,136,,,,,,Medium
AUD_4609,Reading,137,8,23.31,199,,,,,,Medium
AUD_4578,Reading,101,9,33.9,177,,,,,,Low
AUD_3165,Spontaneous,140,14,36.65,186,,,,,,Low
AUD_2789,Reading,159,9,85.1,94,,,,,,High
AUD_1834,Spontaneous,119,5,33.44,74,,,,,,Low
AUD_360,Reading,98,3,35.16,136,,,,,,High
AUD_2405,Reading,176,8,49.62,71,,,,,,Low
AUD_1114,Reading,106,7,38.52,82,,,,,,Medium
AUD_1366,Spontaneous,114,7,88.32,160,,,,,,Medium
AUD_907,Reading,127,6,55.82,130,,,,,,Medium
AUD_3963,Reading,99,14,59.46,56,,,,,,Low
AUD_499,Spontaneous,152,2,60.85,197,,,,,,Medium
AUD_204,Reading,144,3,27.22,162,,,,,,Medium
AUD_3122,Spontaneous,166,4,26.71,97,,,,,,Medium
AUD_2026,Reading,175,2,62.08,179,,,,,,Medium
AUD_1136,Reading,147,6,46.11,149,,,,,,Medium
AUD_2208,Spontaneous,92,7,22.84,56,,,,,,Low
AUD_4984,Spontaneous,132,14,65.49,120,,,,,,High
AUD_599,Reading,97,12,79.91,112,,,,,,High
AUD_2325,Spontaneous,152,9,26.1,149,,,,,,Low
AUD_3092,Reading,107,11,63.76,133,,,,,,Medium
AUD_2673,Reading,156,3,78.85,55,,,,,,High
AUD_1661,Spontaneous,156,6,39.79,173,,,,,,High
AUD_3923,Reading,106,12,32.96,152,,,,,,Medium
AUD_2479,Spontaneous,164,9,40.06,161,,,,,,High
AUD_997,Spontaneous,103,3,64.15,112,,,,,,Medium
AUD_2318,Reading,132,5,78.7,64,,,,,,High
AUD_3467,Spontaneous,152,11,28.36,54,,,,,,High
AUD_2614,Spontaneous,137,14,20.95,83,,,,,,Medium
AUD_3910,Spontaneous,158,7,64.3,98,,,,,,Medium
AUD_2003,Spontaneous,165,7,78.29,60,,,,,,High
AUD_4061,Reading,128,14,84.95,122,,,,,,High
AUD_4526,Reading,147,7,80.84,111,,,,,,Medium
AUD_2669,Reading,139,11,24.24,91,,,,,,Low
AUD_1685,Spontaneous,156,7,63.82,61,,,,,,High
AUD_654,Reading,163,3,82.06,163,,,,,,Medium
AUD_1342,Reading,129,14,84.82,181,,,,,,Medium
AUD_3687,Spontaneous,138,5,79.36,115,,,,,,High
AUD_3759,Reading,145,7,61.78,182,,,,,,High
AUD_1646,Spontaneous,104,10,60.82,95,,,,,,Low
AUD_2152,Reading,155,12,49.14,165,,,,,,Low
AUD_2057,Reading,147,12,23.48,94,,,,,,Medium
AUD_836,Reading,161,3,41.48,105,,,,,,Low
AUD_109,Spontaneous,139,5,59.01,126,,,,,,High
AUD_178,Reading,155,10,30.02,184,,,,,,Medium
AUD_2936,Spontaneous,133,9,68.05,140,,,,,,Medium
AUD_4180,Spontaneous,171,2,25.28,60,,,,,,High
AUD_338,Reading,90,2,75.58,96,,,,,,High
AUD_4226,Reading,110,4,53.22,126,,,,,,Medium
AUD_2635,Spontaneous,93,6,36.18,191,,,,,,High
AUD_1759,Spontaneous,167,5,60.98,156,,,,,,Low
AUD_1965,Spontaneous,100,13,84.12,106,,,,,,Low
AUD_2744,Reading,108,12,35.02,102,,,,,,Medium
AUD_1917,Reading,102,8,60.46,70,,,,,,Low
AUD_4773,Reading,171,6,51.49,159,,,,,,Medium
AUD_814,Reading,109,11,79.78,170,,,,,,Medium
AUD_3496,Reading,124,3,35.17,175,,,,,,High
AUD_781,Reading,179,5,42.5,50,,,,,,High
AUD_758,Reading,143,11,59.97,169,,,,,,Medium
AUD_789,Spontaneous,154,8,71.28,196,,,,,,Medium
AUD_2922,Reading,104,7,35.64,189,,,,,,High
AUD_1444,Reading,158,12,75.89,154,,,,,,Medium
AUD_1225,Reading,158,8,20.4,110,,,,,,High
AUD_3316,Spontaneous,127,2,72.62,174,,,,,,Medium
AUD_4646,Reading,157,7,61.65,111,,,,,,High
AUD_1215,Reading,105,11,24.94,96,,,,,,High
AUD_882,Reading,175,11,89.21,120,,,,,,High
AUD_2370,Reading,171,7,45.81,198,,,,,,Low
AUD_3724,Reading,123,10,30.83,52,,,,,,Medium
AUD_4085,Spontaneous,108,12,22.06,86,,,,,,Medium
AUD_4195,Spontaneous,98,5,24.75,147,,,,,,High
AUD_3641,Spontaneous,109,7,24.67,136,,,,,,High
AUD_1469,Reading,175,3,51.5,180,,,,,,Low
AUD_2687,Reading,95,13,31.06,98,,,,,,Medium
AUD_3692,Spontaneous,102,4,52.21,155,,,,,,High
AUD_2228,Reading,153,13,86.53,163,,,,,,Medium
AUD_1450,Reading,129,4,47.84,124,,,,,,Medium
AUD_3519,Spontaneous,123,11,36.26,172,,,,,,Low
AUD_389,Reading,135,11,43.71,169,,,,,,High
AUD_3591,Reading,118,3,72.04,185,,,,,,Medium
AUD_2767,Reading,112,13,75.84,152,,,,,,Low
AUD_3156,Reading,128,8,27.26,82,,,,,,High
AUD_2611,Reading,177,14,72.78,194,,,,,,Medium
AUD_643,Reading,115,5,63.15,95,,,,,,High
AUD_263,Reading,137,7,60.08,99,,,,,,Low
AUD_4729,Spontaneous,104,13,74.12,199,,,,,,Medium
AUD_3229,Reading,107,4,61.44,197,,,,,,Medium
AUD_2500,Reading,127,12,31.46,187,,,,,,Medium
AUD_4753,Reading,93,12,50.24,85,,,,,,Medium
AUD_3728,Reading,174,6,20.14,101,,,,,,Medium
AUD_112,Reading,132,5,51.51,61,,,,,,High
AUD_4393,Spontaneous,118,12,25.48,109,,,,,,High
AUD_1855,Spontaneous,152,13,55.71,166,,,,,,Medium
AUD_1882,Reading,106,5,69.69,79,,,,,,High
AUD_3471,Spontaneous,150,7,42.37,114,,,,,,Medium
AUD_4622,Spontaneous,153,9,53.87,170,,,,,,Medium
AUD_4937,Reading,127,6,37.22,145,,,,,,High
AUD_3426,Spontaneous,144,3,57.84,135,,,,,,Low
AUD_1269,Spontaneous,161,6,61.5,70,,,,,,Medium
AUD_2135,Reading,130,14,46.0,128,,,,,,High
AUD_1555,Reading,98,7,24.14,140,,,,,,Medium
AUD_227,Spontaneous,143,5,76.26,150,,,,,,High
AUD_578,Reading,154,12,64.26,77,,,,,,Medium
AUD_1309,Reading,134,5,43.15,65,,,,,,Medium
AUD_4403,Reading,144,9,24.61,163,,,,,,Low
AUD_4654,Spontaneous,121,14,61.17,178,,,,,,High
AUD_4479,Reading,146,2,36.12,119,,,,,,Medium
AUD_1021,Reading,106,5,84.39,106,,,,,,High
AUD_3599,Spontaneous,92,6,89.26,125,,,,,,High
AUD_573,Spontaneous,134,8,84.21,147,,,,,,High
AUD_3919,Reading,100,5,58.21,179,,,,,,Medium
AUD_3144,Reading,133,9,21.17,188,,,,,,High
AUD_218,Spontaneous,149,8,82.53,117,,,,,,Low
AUD_1613,Reading,139,3,41.85,145,,,,,,High
AUD_3282,Reading,92,8,25.91,189,,,,,,Medium
AUD_2802,Reading,122,10,60.47,115,,,,,,High
AUD_1675,Spontaneous,168,8,37.34,54,,,,,,Medium
AUD_4486,Reading,102,9,81.81,181,,,,,,High
AUD_2089,Spontaneous,93,4,53.29,177,,,,,,Medium
AUD_1044,Spontaneous,177,2,89.82,139,,,,,,High
AUD_1849,Reading,137,7,58.27,104,,,,,,High
AUD_3255,Spontaneous,101,5,80.7,169,,,,,,High
AUD_3800,Spontaneous,96,6,36.92,81,,,,,,Medium
AUD_851,Reading,143,4,57.24,99,,,,,,High
AUD_1196,Reading,146,10,49.93,115,,,,,,Medium
AUD_3045,Spontaneous,112,9,88.6,194,,,,,,High
AUD_745,Reading,146,12,89.22,141,,,,,,High
AUD_3259,Reading,110,7,42.17,193,,,,,,Low
AUD_131,Reading,114,10,56.97,144,,,,,,Medium
AUD_3614,Reading,172,7,27.82,163,,,,,,High
AUD_1426,Reading,150,8,52.05,53,,,,,,High
AUD_3631,Reading,176,6,81.46,180,,,,,,High
AUD_625,Spontaneous,136,7,89.18,182,,,,,,High
AUD_4409,Spontaneous,124,7,28.14,166,,,,,,Medium
AUD_4523,Spontaneous,151,12,30.15,139,,,,,,Medium
AUD_1218,Spontaneous,130,13,43.51,165,,,,,,High
AUD_4208,Spontaneous,163,8,38.14,139,,,,,,Medium
AUD_3734,Spontaneous,143,4,88.09,140,,,,,,High
AUD_1313,Spontaneous,96,11,62.19,156,,,,,,Medium
AUD_4627,Reading,116,14,30.93,110,,,,,,High
AUD_4404,Reading,118,3,65.15,51,,,,,,High
AUD_3898,Reading,166,2,79.13,72,,,,,,Medium
AUD_1807,Spontaneous,113,13,66.56,83,,,,,,Low
AUD_3545,Reading,130,4,84.54,89,,,,,,Low
AUD_512,Spontaneous,137,8,77.75,98,,,,,,High
AUD_937,Spontaneous,119,14,83.62,108,,,,,,Medium
AUD_2972,Spontaneous,138,5,88.8,137,,,,,,High
AUD_2863,Reading,153,14,64.45,127,,,,,,High
AUD_3466,Reading,174,13,53.63,166,,,,,,High
AUD_3059,Reading,134,7,65.5,58,,,,,,Low
AUD_1104,Reading,96,11,83.4,140,,,,,,High
AUD_1410,Spontaneous,163,9,21.56,102,,,,,,Medium
AUD_1403,Reading,172,11,63.95,123,,,,,,High
AUD_4808,Spontaneous,116,4,20.91,73,,,,,,Medium
AUD_2517,Reading,177,14,47.25,155,,,,,,High
AUD_239,Spontaneous,132,2,26.47,89,,,,,,Medium
AUD_4469,Reading,114,11,89.72,153,,,,,,High
AUD_3079,Reading,154,5,65.06,60,,,,,,Medium
AUD_3975,Reading,150,6,68.8,106,,,,,,Medium
AUD_2,Reading,128,11,35.56,122,,,,,,Low
AUD_1680,Reading,132,7,32.32,116,,,,,,Medium
AUD_3295,Spontaneous,147,3,60.97,57,,,,,,High
AUD_1906,Spontaneous,112,3,86.51,195,,,,,,Medium
AUD_4235,Reading,94,8,31.29,92,,,,,,High
AUD_1323,Reading,166,13,46.28,102,,,,,,Low
AUD_1317,Spontaneous,133,12,45.88,198,,,,,,Medium
AUD_2488,Spontaneous,124,2,41.54,125,,,,,,High
AUD_473,Reading,95,7,64.78,87,,,,,,High
AUD_237,Reading,106,4,26.02,160,,,,,,High
AUD_4060,Spontaneous,168,3,73.61,125,,,,,,Low
AUD_2538,Reading,136,5,53.56,145,,,,,,Medium
AUD_2907,Reading,177,10,50.83,171,,,,,,Low
AUD_3540,Reading,162,4,37.31,77,,,,,,High
AUD_4611,Spontaneous,113,8,73.38,169,,,,,,Medium
AUD_2396,Reading,94,12,85.82,128,,,,,,Medium
AUD_2050,Reading,99,13,75.03,94,,,,,,Low
AUD_775,Spontaneous,98,5,22.58,186,,,,,,High
AUD_4508,Reading,136,12,25.44,74,,,,,,Low
AUD_982,Reading,144,9,72.72,109,,,,,,High
AUD_3680,Reading,109,5,44.14,175,,,,,,Medium
AUD_536,Spontaneous,125,12,49.87,174,,,,,,Medium
AUD_3253,Reading,143,10,45.25,123,,,,,,Medium
AUD_1624,Reading,121,9,40.13,172,,,,,,Low
AUD_645,Spontaneous,91,14,55.21,186,,,,,,Medium
AUD_2996,Reading,158,10,54.78,146,,,,,,Low
AUD_4083,Spontaneous,136,4,59.99,148,,,,,,Medium
AUD_1439,Spontaneous,95,14,32.67,64,,,,,,High
AUD_2804,Reading,176,12,52.93,59,,,,,,Medium
AUD_648,Reading,137,6,33.37,87,,,,,,High
AUD_1173,Spontaneous,166,12,86.98,155,,,,,,High
AUD_98,Spontaneous,170,5,79.52,147,,,,,,Medium
AUD_3764,Reading,104,2,84.81,85,,,,,,High
AUD_3616,Spontaneous,157,8,25.57,139,,,,,,High
AUD_2679,Spontaneous,93,11,24.8,149,,,,,,Medium
AUD_99,Reading,179,5,36.91,149,,,,,,Medium
AUD_3523,Spontaneous,121,8,23.7,52,,,,,,High
AUD_2130,Reading,116,9,82.22,114,,,,,,Medium
AUD_4458,Reading,150,6,28.81,103,,,,,,Medium
AUD_3942,Reading,101,10,82.38,80,,,,,,Low
AUD_722,Reading,99,2,73.84,145,,,,,,Low
AUD_3052,Spontaneous,91,13,22.75,143,,,,,,Medium
AUD_4756,Spontaneous,136,13,51.35,58,,,,,,Low
AUD_2124,Spontaneous,159,10,36.75,104,,,,,,High
AUD_975,Reading,135,9,76.92,148,,,,,,High
AUD_1453,Reading,124,4,47.09,118,,,,,,High
AUD_4028,Reading,151,14,66.44,190,,,,,,Low
AUD_246,Reading,116,6,23.93,87,,,,,,High
AUD_1047,Spontaneous,161,12,20.32,51,,,,,,Medium
AUD_4113,Spontaneous,141,2,51.62,115,,,,,,Low
AUD_4736,Spontaneous,139,9,33.66,197,,,,,,Medium
AUD_831,Reading,150,8,81.6,147,,,,,,High
AUD_435,Reading,136,10,28.29,135,,,,,,High
AUD_2835,Reading,97,9,42.44,83,,,,,,Medium
AUD_1655,Reading,122,9,33.19,163,,,,,,Low
AUD_4132,Reading,145,11,24.82,86,,,,,,High
AUD_4298,Reading,117,13,77.69,108,,,,,,Medium
AUD_2378,Reading,131,11,70.35,107,,,,,,Medium
AUD_615,Reading,150,5,62.41,58,,,,,,Medium
AUD_3997,Spontaneous,92,7,36.3,181,,,,,,High
AUD_940,Spontaneous,129,3,42.5,80,,,,,,Medium
AUD_2563,Reading,120,11,75.72,74,,,,,,Medium
AUD_2636,Spontaneous,179,14,87.64,51,,,,,,Medium
AUD_3915,Reading,99,10,30.34,188,,,,,,Low
AUD_2999,Reading,91,2,73.6,51,,,,,,Low
AUD_2941,Reading,114,9,40.95,88,,,,,,High
AUD_776,Spontaneous,161,13,37.72,67,,,,,,High
AUD_2964,Reading,115,6,68.48,154,,,,,,High
AUD_4618,Reading,156,4,24.18,92,,,,,,Low
AUD_920,Spontaneous,171,3,84.22,172,,,,,,Low
AUD_3194,Reading,93,10,79.27,197,,,,,,Medium
AUD_2434,Spontaneous,98,12,62.62,125,,,,,,Low
AUD_891,Spontaneous,112,6,61.2,69,,,,,,Low
AUD_2823,Spontaneous,99,4,73.44,141,,,,,,Medium
AUD_1506,Spontaneous,151,2,78.82,138,,,,,,High
AUD_3221,Reading,176,11,28.41,172,,,,,,High
AUD_835,Reading,163,9,52.98,178,,,,,,High
AUD_630,Spontaneous,136,11,89.33,58,,,,,,Medium
AUD_3857,Spontaneous,137,9,24.96,87,,,,,,Medium
AUD_644,Reading,156,6,49.13,142,,,,,,Low
AUD_436,Spontaneous,175,4,71.2,53,,,,,,High
AUD_4565,Reading,97,12,70.8,173,,,,,,High
AUD_1619,Reading,150,11,42.36,166,,,,,,Low
AUD_979,Spontaneous,125,8,21.36,74,,,,,,High
AUD_4584,Reading,154,4,22.34,78,,,,,,High
AUD_931,Spontaneous,154,11,47.4,197,,,,,,Medium
AUD_1727,Reading,98,9,68.21,55,,,,,,Medium
AUD_1236,Reading,164,13,27.34,70,,,,,,High
AUD_4001,Spontaneous,99,13,30.88,55,,,,,,High
AUD_1414,Spontaneous,178,4,60.58,139,,,,,,Medium
AUD_769,Reading,150,13,38.32,96,,,,,,Medium
AUD_3594,Reading,110,12,62.16,192,,,,,,Medium
AUD_1298,Reading,109,5,49.37,90,,,,,,High
AUD_4198,Spontaneous,120,3,21.19,61,,,,,,Medium
AUD_2298,Reading,159,12,26.84,133,,,,,,Medium
AUD_1682,Spontaneous,174,5,34.48,126,,,,,,Low
AUD_770,Spontaneous,120,8,36.74,124,,,,,,Medium
AUD_3291,Spontaneous,126,8,77.28,150,,,,,,Medium
AUD_4249,Spontaneous,117,5,68.91,77,,,,,,Medium
AUD_877,Reading,173,13,37.35,123,,,,,,Medium
AUD_4289,Spontaneous,123,8,77.26,121,,,,,,Low
AUD_481,Reading,172,12,68.68,132,,,,,,Low
AUD_3284,Reading,177,8,74.01,164,,,,,,High
AUD_2158,Spontaneous,163,4,63.28,184,,,,,,High
AUD_3785,Reading,140,7,84.52,150,,,,,,Medium
AUD_585,Reading,115,2,61.57,132,,,,,,High
AUD_2246,Reading,167,7,27.03,103,,,,,,High
AUD_1504,Reading,134,6,69.59,148,,,,,,Medium
AUD_1457,Reading,176,13,43.05,84,,,,,,Low
AUD_3772,Reading,111,6,27.1,172,,,,,,High
AUD_2366,Reading,97,10,88.2,72,,,,,,Medium
AUD_3178,Reading,128,2,32.16,113,,,,,,High
AUD_2862,Reading,95,2,49.68,183,,,,,,High
AUD_3038,Reading,160,10,75.73,148,,,,,,High
AUD_4711,Spontaneous,140,7,30.33,191,,,,,,High
AUD_1049,Reading,97,7,51.29,78,,,,,,Medium
AUD_4798,Reading,129,6,50.23,142,,,,,,High
AUD_1950,Reading,118,8,67.2,85,,,,,,Medium
AUD_4559,Reading,167,14,33.53,127,,,,,,Medium
AUD_608,Reading,157,3,71.72,130,,,,,,High
AUD_861,Reading,94,9,63.99,105,,,,,,Low
AUD_2579,Spontaneous,133,7,56.34,191,,,,,,Medium
AUD_737,Spontaneous,133,10,45.17,82,,,,,,High
AUD_4992,Reading,108,11,75.55,147,,,,,,Medium
AUD_3994,Spontaneous,106,6,38.8,151,,,,,,High
AUD_3340,Reading,180,10,34.41,108,,,,,,High
AUD_4200,Reading,130,14,47.71,128,,,,,,Medium
AUD_437,Spontaneous,133,11,88.5,97,,,,,,High
AUD_2899,Reading,161,3,86.36,130,,,,,,Medium
AUD_603,Spontaneous,169,12,53.09,185,,,,,,Medium
AUD_4727,Spontaneous,152,7,49.49,96,,,,,,Low
AUD_1937,Reading,122,10,40.62,109,,,,,,High
AUD_2200,Reading,152,14,87.05,68,,,,,,Medium
AUD_3380,Spontaneous,106,11,86.58,124,,,,,,High
AUD_2339,Spontaneous,170,3,20.46,151,,,,,,Medium
AUD_4898,Reading,130,13,64.94,55,,,,,,Medium
AUD_800,Spontaneous,92,7,79.02,156,,,,,,Medium
AUD_258,Reading,101,13,76.57,177,,,,,,High
AUD_595,Reading,134,5,66.3,117,,,,,,Medium
AUD_4360,Reading,143,13,86.95,67,,,,,,Medium
AUD_1843,Reading,154,3,27.06,153,,,,,,Medium
AUD_1094,Reading,151,11,42.85,196,,,,,,Medium
AUD_1679,Spontaneous,94,7,30.45,184,,,,,,Low
AUD_1770,Spontaneous,155,9,45.72,85,,,,,,High
AUD_3550,Reading,167,9,76.07,192,,,,,,High
AUD_1345,Spontaneous,174,5,23.53,122,,,,,,Medium
AUD_2206,Spontaneous,103,6,54.82,127,,,,,,High
AUD_4784,Spontaneous,176,7,83.04,85,,,,,,Low
AUD_4986,Spontaneous,139,14,47.05,142,,,,,,High
AUD_3121,Spontaneous,177,10,51.31,199,,,,,,Medium
AUD_2622,Reading,134,10,32.49,68,,,,,,Low
AUD_520,Spontaneous,128,3,73.87,139,,,,,,Medium
AUD_2481,Spontaneous,128,8,40.02,74,,,,,,Medium
AUD_2166,Spontaneous,103,14,69.27,146,,,,,,High
AUD_4987,Reading,150,12,73.85,109,,,,,,Medium
AUD_1662,Reading,170,8,41.49,160,,,,,,High
AUD_2013,Reading,94,6,32.44,68,,,,,,Low
AUD_1267,Spontaneous,158,14,56.22,54,,,,,,High
AUD_3831,Spontaneous,135,13,70.92,91,,,,,,High
AUD_4100,Reading,108,4,60.28,50,,,,,,High
AUD_3067,Reading,118,11,43.61,121,,,,,,Medium
AUD_3720,Reading,162,6,57.49,114,,,,,,Medium
AUD_4222,Reading,98,7,85.15,163,,,,,,High
AUD_1028,Spontaneous,180,6,29.49,57,,,,,,High
AUD_3026,Spontaneous,164,3,45.32,124,,,,,,High
AUD_4075,Reading,112,11,42.72,86,,,,,,High
AUD_317,Spontaneous,157,14,24.05,152,,,,,,Low
AUD_4420,Spontaneous,117,5,63.19,56,,,,,,Medium
AUD_1949,Reading,159,12,78.19,176,,,,,,Medium
AUD_618,Spontaneous,164,9,66.74,65,,,,,,Medium
AUD_948,Reading,166,9,85.34,129,,,,,,Low
AUD_3686,Reading,137,9,32.83,171,,,,,,High
AUD_4012,Spontaneous,128,10,47.63,117,,,,,,Low
AUD_519,Spontaneous,106,7,79.95,118,,,,,,Medium
AUD_465,Spontaneous,180,10,79.48,147,,,,,,Medium
AUD_3331,Reading,177,4,28.51,86,,,,,,High
AUD_261,Spontaneous,130,4,27.34,61,,,,,,Medium
AUD_164,Reading,169,5,44.49,108,,,,,,High
AUD_417,Reading,166,10,63.03,172,,,,,,Medium
AUD_3863,Spontaneous,169,4,33.63,89,,,,,,Medium
AUD_4707,Reading,114,4,38.34,112,,,,,,High
AUD_4146,Reading,145,9,32.91,195,,,,,,High
AUD_1635,Spontaneous,150,10,83.89,57,,,,,,Medium
AUD_1025,Spontaneous,173,13,75.46,54,,,,,,High
AUD_4817,Reading,151,14,64.78,141,,,,,,Medium
AUD_4971,Reading,156,12,33.03,72,,,,,,Medium
AUD_2874,Reading,99,6,89.54,62,,,,,,High
AUD_586,Spontaneous,120,11,84.42,76,,,,,,High
AUD_1212,Reading,166,8,46.24,95,,,,,,High
AUD_870,Reading,176,12,22.55,129,,,,,,High
AUD_3871,Spontaneous,94,4,32.85,138,,,,,,Low
AUD_1532,Reading,123,10,81.19,65,,,,,,High
AUD_4605,Reading,102,13,82.98,99,,,,,,High
AUD_1817,Reading,117,6,71.05,165,,,,,,High
AUD_1122,Spontaneous,127,13,67.12,134,,,,,,Medium
AUD_2347,Reading,116,4,69.06,65,,,,,,High
AUD_3832,Reading,113,10,54.39,142,,,,,,Medium
AUD_1975,Spontaneous,127,8,63.61,122,,,,,,High
AUD_450,Spontaneous,105,5,56.98,70,,,,,,Low
AUD_2559,Reading,158,5,31.75,119,,,,,,Medium
AUD_4265,Spontaneous,174,5,23.11,62,,,,,,High
AUD_347,Spontaneous,171,10,43.83,174,,,,,,Medium
AUD_4044,Spontaneous,157,4,28.57,152,,,,,,Medium
AUD_4067,Spontaneous,177,4,77.62,99,,,,,,Medium
AUD_1742,Spontaneous,131,11,71.92,164,,,,,,High
AUD_2788,Spontaneous,155,7,32.62,73,,,,,,High
AUD_4487,Spontaneous,179,6,86.72,171,,,,,,High
AUD_1347,Reading,113,5,82.57,153,,,,,,High
AUD_594,Reading,161,2,73.64,140,,,,,,Medium
AUD_4467,Spontaneous,179,12,20.88,148,,,,,,Low
AUD_1115,Spontaneous,170,4,31.94,61,,,,,,High
AUD_2248,Spontaneous,172,10,75.7,82,,,,,,Low
AUD_130,Spontaneous,142,5,78.6,162,,,,,,High
AUD_4580,Reading,109,10,66.85,54,,,,,,Medium
AUD_4427,Spontaneous,131,7,67.99,89,,,,,,Medium
AUD_4431,Reading,152,9,31.63,143,,,,,,Medium
AUD_579,Reading,132,8,37.81,87,,,,,,Low
AUD_3275,Reading,124,8,37.13,147,,,,,,Medium
AUD_970,Spontaneous,143,13,22.83,192,,,,,,High
AUD_3126,Spontaneous,167,5,80.06,78,,,,,,Medium
AUD_4130,Spontaneous,143,9,30.41,101,,,,,,Medium
AUD_3418,Spontaneous,106,11,38.61,171,,,,,,Medium
AUD_2046,Spontaneous,165,12,67.62,164,,,,,,Medium
AUD_1368,Reading,156,5,43.77,165,,,,,,High
AUD_4188,Reading,180,6,75.56,107,,,,,,High
AUD_2793,Reading,155,8,61.02,114,,,,,,High
AUD_1211,Spontaneous,94,14,82.34,97,,,,,,High
AUD_2129,Reading,97,8,77.97,57,,,,,,Low
AUD_610,Reading,138,5,30.07,106,,,,,,High
AUD_4751,Reading,123,6,33.45,92,,,,,,Medium
AUD_2749,Reading,124,4,67.45,52,,,,,,High
AUD_3708,Reading,96,8,27.78,54,,,,,,Low
AUD_1060,Reading,148,4,56.58,149,,,,,,High
AUD_3249,Spontaneous,135,2,55.81,188,,,,,,High
AUD_4591,Reading,164,11,57.97,98,,,,,,Medium
AUD_2080,Spontaneous,91,8,84.74,130,,,,,,Medium
AUD_1235,Spontaneous,112,6,55.53,153,,,,,,Medium
AUD_353,Spontaneous,154,7,66.6,154,,,,,,High
AUD_327,Reading,128,6,27.38,173,,,,,,Medium
AUD_956,Spontaneous,169,14,55.23,146,,,,,,Medium
AUD_1180,Spontaneous,133,13,85.22,103,,,,,,Medium
AUD_3812,Spontaneous,115,14,69.87,95,,,,,,Medium
AUD_640,Reading,175,12,72.68,87,,,,,,Medium
AUD_2847,Reading,112,14,24.79,68,,,,,,High
AUD_45,Reading,158,2,43.04,119,,,,,,Medium
AUD_2646,Spontaneous,98,2,70.19,196,,,,,,Low
AUD_4651,Spontaneous,109,7,28.84,153,,,,,,Medium
AUD_918,Reading,102,11,52.83,119,,,,,,High
AUD_2773,Reading,128,3,74.05,92,,,,,,Low
AUD_399,Reading,146,7,22.4,86,,,,,,Medium
AUD_2757,Reading,140,14,42.71,178,,,,,,Medium
AUD_2980,Spontaneous,114,2,30.69,110,,,,,,Medium
AUD_3837,Spontaneous,133,5,83.97,115,,,,,,Medium
AUD_3979,Spontaneous,133,14,20.76,199,,,,,,Medium
AUD_1300,Spontaneous,92,8,70.63,180,,,,,,High
AUD_868,Reading,141,8,60.56,133,,,,,,High
AUD_2541,Reading,128,7,33.78,123,,,,,,High
AUD_1096,Reading,95,5,48.3,112,,,,,,Low
AUD_265,Reading,151,13,89.39,65,,,,,,High
AUD_656,Reading,121,10,66.75,197,,,,,,High
AUD_1223,Spontaneous,161,6,58.44,160,,,,,,High
AUD_4440,Spontaneous,172,7,84.11,149,,,,,,Medium
AUD_142,Spontaneous,122,9,45.3,143,,,,,,Low
AUD_3473,Spontaneous,164,5,37.36,92,,,,,,High
AUD_1673,Reading,107,6,82.09,58,,,,,,Medium
AUD_880,Spontaneous,166,3,70.68,71,,,,,,High
AUD_4184,Reading,106,2,76.72,79,,,,,,High
AUD_1796,Spontaneous,138,12,88.71,100,,,,,,Medium
AUD_2979,Spontaneous,159,14,89.03,111,,,,,,High
AUD_172,Spontaneous,112,6,44.99,109,,,,,,High
AUD_3152,Spontaneous,163,3,57.14,119,,,,,,High
AUD_2924,Reading,135,13,52.19,136,,,,,,High
AUD_91,Reading,164,4,37.91,165,,,,,,Medium
AUD_3819,Reading,105,9,47.56,95,,,,,,High
AUD_3935,Spontaneous,149,8,22.38,146,,,,,,Medium
AUD_3562,Spontaneous,151,4,49.42,99,,,,,,Low
AUD_1987,Spontaneous,140,12,39.64,100,,,,,,Medium
AUD_1153,Spontaneous,117,5,28.17,110,,,,,,Low
AUD_4500,Reading,165,12,22.21,101,,,,,,High
AUD_2691,Spontaneous,94,7,53.88,166,,,,,,Medium
AUD_448,Spontaneous,169,8,47.45,88,,,,,,High
AUD_4564,Reading,175,13,56.54,117,,,,,,Medium
AUD_1663,Spontaneous,127,8,35.35,73,,,,,,High
AUD_2401,Spontaneous,134,7,80.29,72,,,,,,Medium
AUD_2343,Spontaneous,109,3,87.32,64,,,,,,Medium
AUD_4090,Reading,170,2,41.44,157,,,,,,Medium
AUD_1343,Spontaneous,150,7,70.16,79,,,,,,Medium
AUD_527,Spontaneous,97,14,64.53,90,,,,,,Low
AUD_3416,Spontaneous,107,6,75.31,91,,,,,,Medium
AUD_845,Spontaneous,129,13,89.7,190,,,,,,Low
AUD_2860,Reading,153,11,89.71,175,,,,,,High
AUD_2949,Spontaneous,118,14,61.44,60,,,,,,High
AUD_4402,Reading,140,2,63.71,184,,,,,,High
AUD_4176,Reading,159,5,33.07,64,,,,,,Medium
AUD_3350,Reading,156,2,85.97,168,,,,,,High
AUD_1393,Spontaneous,162,11,63.92,195,,,,,,Medium
AUD_1371,Reading,173,4,80.96,76,,,,,,Medium
AUD_607,Reading,104,11,73.31,90,,,,,,High
AUD_3612,Spontaneous,93,4,71.9,76,,,,,,Medium
AUD_302,Reading,161,6,38.8,75,,,,,,Medium
AUD_2696,Spontaneous,104,3,36.4,131,,,,,,Medium
AUD_3760,Reading,141,2,77.23,140,,,,,,Low
AUD_3486,Reading,152,8,24.9,178,,,,,,High
AUD_1352,Reading,93,6,29.0,120,,,,,,High
AUD_2855,Reading,179,8,49.24,193,,,,,,Medium
AUD_3272,Spontaneous,154,2,43.7,118,,,,,,Medium
AUD_634,Spontaneous,115,8,43.17,101,,,,,,Medium
AUD_2107,Spontaneous,152,7,69.23,134,,,,,,High
AUD_471,Spontaneous,119,4,28.12,63,,,,,,Low
AUD_2928,Spontaneous,95,14,41.45,94,,,,,,Low
AUD_3009,Spontaneous,136,12,50.42,166,,,,,,High
AUD_368,Spontaneous,163,13,79.45,194,,,,,,High
AUD_269,Reading,165,6,46.5,91,,,,,,High
AUD_4719,Reading,156,5,50.69,197,,,,,,Low
AUD_969,Spontaneous,123,3,25.71,190,,,,,,High
AUD_25,Reading,164,4,41.44,110,,,,,,High
AUD_281,Spontaneous,119,12,78.68,138,,,,,,High
AUD_2268,Spontaneous,123,7,45.89,154,,,,,,Medium
AUD_4475,Reading,104,2,62.41,82,,,,,,Low
AUD_1915,Reading,113,2,26.86,86,,,,,,Medium
AUD_126,Spontaneous,93,13,55.49,111,,,,,,Medium
AUD_903,Spontaneous,164,11,88.59,167,,,,,,High
AUD_1800,Reading,142,7,80.31,155,,,,,,High
AUD_3461,Spontaneous,151,5,69.48,188,,,,,,High
AUD_4944,Spontaneous,174,8,63.17,197,,,,,,Medium
AUD_2906,Spontaneous,120,9,42.77,63,,,,,,High
AUD_4387,Spontaneous,95,4,48.71,146,,,,,,Medium
AUD_3817,Reading,109,11,23.63,171,,,,,,Low
AUD_455,Spontaneous,97,10,33.41,177,,,,,,Low
AUD_4339,Spontaneous,173,11,35.7,64,,,,,,High
AUD_1693,Reading,114,14,29.76,169,,,,,,Medium
AUD_349,Spontaneous,133,12,54.93,72,,,,,,Medium
AUD_848,Reading,149,11,30.46,199,,,,,,High
AUD_3105,Spontaneous,164,12,53.06,133,,,,,,High
AUD_480,Reading,123,13,45.8,136,,,,,,High
AUD_2303,Spontaneous,180,7,79.09,78,,,,,,High
AUD_4088,Reading,130,2,72.14,66,,,,,,High
AUD_2650,Reading,98,14,46.38,71,,,,,,Medium
AUD_4167,Spontaneous,132,3,24.39,139,,,,,,Medium
AUD_1034,Spontaneous,153,13,60.44,174,,,,,,Medium
AUD_665,Reading,142,5,84.62,164,,,,,,Low
AUD_3804,Spontaneous,109,12,41.27,123,,,,,,Medium
AUD_4692,Reading,167,13,68.61,96,,,,,,High
AUD_4576,Spontaneous,177,8,48.35,102,,,,,,Medium
AUD_881,Spontaneous,171,6,44.72,128,,,,,,Low
AUD_3722,Reading,142,9,82.71,129,,,,,,Medium
AUD_2445,Spontaneous,136,10,52.38,127,,,,,,High
AUD_2482,Spontaneous,155,9,24.47,101,,,,,,Medium
AUD_4391,Spontaneous,93,11,56.16,105,,,,,,High
AUD_2900,Spontaneous,161,9,86.26,74,,,,,,High
AUD_375,Reading,93,13,75.2,87,,,,,,Medium
AUD_3327,Spontaneous,166,4,86.61,113,,,,,,High
AUD_4685,Reading,123,13,73.01,76,,,,,,Medium
AUD_4370,Reading,123,13,62.67,64,,,,,,High
AUD_619,Spontaneous,124,9,83.91,189,,,,,,High
AUD_909,Spontaneous,150,3,31.02,169,,,,,,High
AUD_4207,Reading,109,10,45.07,115,,,,,,High
AUD_752,Spontaneous,180,14,52.66,168,,,,,,Medium
AUD_3899,Reading,90,2,37.73,60,,,,,,Low
AUD_3065,Spontaneous,106,3,74.43,193,,,,,,High
AUD_4421,Reading,134,7,62.24,73,,,,,,High
AUD_3433,Reading,121,4,71.19,125,,,,,,High
AUD_3558,Reading,105,6,85.32,88,,,,,,High
AUD_2157,Spontaneous,108,5,59.83,84,,,,,,High
AUD_3648,Reading,117,12,31.82,148,,,,,,Low
AUD_661,Spontaneous,160,13,47.17,182,,,,,,High
AUD_961,Spontaneous,135,5,58.9,154,,,,,,Medium
AUD_4791,Reading,134,9,34.72,98,,,,,,High
AUD_4973,Reading,118,3,76.66,120,,,,,,High
AUD_2330,Spontaneous,132,6,55.0,92,,,,,,Low
AUD_759,Spontaneous,90,12,53.59,109,,,,,,Medium
AUD_563,Reading,175,6,46.81,126,,,,,,High
AUD_1071,Reading,98,14,20.77,112,,,,,,High
AUD_1224,Reading,166,13,86.26,170,,,,,,Low
AUD_3618,Reading,150,5,73.88,91,,,,,,Low
AUD_406,Spontaneous,157,10,75.53,164,,,,,,Medium
AUD_4946,Reading,123,5,84.31,176,,,,,,High
AUD_4620,Reading,138,13,42.24,182,,,,,,Medium
AUD_4638,Reading,122,11,38.47,124,,,,,,High
AUD_598,Spontaneous,167,4,29.94,195,,,,,,High
AUD_235,Reading,132,14,26.46,71,,,,,,Low
AUD_3437,Spontaneous,161,10,64.96,113,,,,,,High
AUD_590,Spontaneous,106,8,43.08,76,,,,,,High
AUD_1238,Reading,95,4,72.51,60,,,,,,High
AUD_496,Spontaneous,119,11,88.44,57,,,,,,Medium
AUD_896,Reading,165,5,57.11,153,,,,,,Medium
AUD_2934,Spontaneous,91,12,58.78,174,,,,,,High
AUD_4327,Reading,126,11,59.92,192,,,,,,High
AUD_2149,Spontaneous,140,3,36.39,66,,,,,,High
AUD_3739,Spontaneous,116,5,43.44,92,,,,,,High
AUD_3752,Spontaneous,113,8,69.17,73,,,,,,Medium
AUD_1043,Reading,113,3,63.11,186,,,,,,Medium
AUD_2947,Spontaneous,97,14,79.19,64,,,,,,High
AUD_1465,Spontaneous,177,8,22.74,138,,,,,,Medium
AUD_3568,Spontaneous,129,2,81.6,158,,,,,,Low
AUD_2925,Spontaneous,102,7,42.91,154,,,,,,Medium
AUD_2058,Reading,131,13,38.65,93,,,,,,Medium
AUD_2227,Reading,166,13,51.31,84,,,,,,High
AUD_4045,Spontaneous,153,14,41.12,110,,,,,,High
AUD_3127,Spontaneous,107,6,60.23,184,,,,,,Medium
AUD_4334,Reading,178,4,61.16,122,,,,,,High
AUD_701,Spontaneous,179,9,24.32,165,,,,,,Medium
AUD_3036,Reading,141,12,59.89,193,,,,,,High
AUD_293,Reading,112,12,45.37,173,,,,,,High
AUD_3520,Spontaneous,111,8,57.11,167,,,,,,Low
AUD_1919,Spontaneous,127,7,39.85,100,,,,,,Medium
AUD_4499,Reading,159,4,36.05,145,,,,,,High
AUD_3936,Reading,107,11,42.49,75,,,,,,High
AUD_4610,Reading,148,4,23.71,76,,,,,,Medium
AUD_1844,Reading,167,10,88.02,179,,,,,,Medium
AUD_4642,Spontaneous,150,7,85.48,137,,,,,,Low
AUD_4273,Reading,122,5,44.08,87,,,,,,High
AUD_1593,Reading,147,11,69.02,123,,,,,,Medium
AUD_3301,Spontaneous,120,11,50.68,186,,,,,,Low
AUD_1349,Spontaneous,132,7,27.5,157,,,,,,Medium
AUD_3367,Spontaneous,143,8,28.42,147,,,,,,High
AUD_4804,Reading,138,11,75.3,55,,,,,,Low
AUD_2692,Reading,143,2,41.7,84,,,,,,High
AUD_2106,Reading,148,2,35.99,59,,,,,,Medium
AUD_2600,Reading,175,6,37.71,131,,,,,,Medium
AUD_960,Spontaneous,165,4,41.21,115,,,,,,High
AUD_1494,Reading,176,5,33.32,196,,,,,,Medium
AUD_2812,Spontaneous,100,9,43.8,136,,,,,,Low
AUD_1402,Spontaneous,132,8,36.58,74,,,,,,High
AUD_4980,Reading,155,9,38.95,140,,,,,,Low
AUD_4899,Spontaneous,169,3,75.62,161,,,,,,High
AUD_108,Spontaneous,120,11,33.08,182,,,,,,Medium
AUD_718,Spontaneous,95,8,81.81,167,,,,,,High
AUD_3929,Spontaneous,114,3,47.23,99,,,,,,High
AUD_2496,Spontaneous,106,10,33.82,155,,,,,,High
AUD_4599,Spontaneous,178,8,60.47,184,,,,,,Medium
AUD_4357,Spontaneous,90,4,21.79,115,,,,,,High
AUD_820,Reading,173,10,66.34,173,,,,,,Medium
AUD_1785,Reading,160,4,82.05,184,,,,,,Medium
AUD_3,Spontaneous,112,7,28.18,88,,,,,,Low
AUD_2581,Spontaneous,128,2,40.21,118,,,,,,Low
AUD_1137,Spontaneous,92,8,40.38,177,,,,,,Medium
AUD_2280,Spontaneous,96,13,64.14,175,,,,,,High
AUD_2727,Spontaneous,112,10,48.44,140,,,,,,High
AUD_268,Reading,110,11,27.71,119,,,,,,High
AUD_2948,Spontaneous,111,9,23.96,119,,,,,,High
AUD_129,Reading,123,11,44.8,86,,,,,,Medium
AUD_4574,Spontaneous,137,14,32.24,172,,,,,,High
AUD_4330,Spontaneous,137,4,43.32,91,,,,,,Medium
AUD_2655,Reading,153,7,49.7,85,,,,,,High
AUD_4446,Spontaneous,138,13,57.93,177,,,,,,High
AUD_2478,Reading,117,8,38.78,122,,,,,,Medium
AUD_48,Reading,146,6,43.02,198,,,,,,Medium
AUD_2865,Spontaneous,149,10,70.45,129,,,,,,Medium
AUD_2895,Reading,106,11,68.64,85,,,,,,High
AUD_2647,Reading,168,8,64.43,148,,,,,,Medium
AUD_2335,Reading,150,11,22.21,157,,,,,,Medium
AUD_857,Spontaneous,155,6,32.5,165,,,,,,High
AUD_4700,Reading,168,13,70.66,110,,,,,,High
AUD_4227,Reading,159,3,34.02,151,,,,,,High
AUD_494,Spontaneous,147,7,73.13,116,,,,,,High
AUD_4193,Reading,101,5,51.88,125,,,,,,Medium
AUD_486,Spontaneous,140,4,65.05,103,,,,,,Medium
AUD_3223,Reading,143,11,86.91,94,,,,,,High
AUD_3359,Reading,139,5,44.04,190,,,,,,Medium
AUD_871,Reading,116,11,20.24,183,,,,,,Medium
AUD_3482,Reading,92,8,53.82,66,,,,,,Medium
AUD_2443,Spontaneous,124,12,60.96,147,,,,,,High
AUD_3575,Spontaneous,114,3,34.79,160,,,,,,High
AUD_3508,Reading,136,11,54.73,149,,,,,,High
AUD_1306,Spontaneous,170,10,42.05,195,,,,,,Medium
AUD_4259,Reading,139,8,69.08,131,,,,,,High
AUD_1712,Spontaneous,157,2,53.27,163,,,,,,Medium
AUD_626,Spontaneous,160,6,77.07,75,,,,,,High
AUD_3215,Spontaneous,144,10,36.88,125,,,,,,Medium
AUD_584,Spontaneous,92,3,69.04,74,,,,,,High
AUD_3824,Spontaneous,178,7,57.08,169,,,,,,Medium
AUD_2185,Spontaneous,102,8,62.31,156,,,,,,Low
AUD_517,Spontaneous,96,2,35.76,126,,,,,,High
AUD_3905,Spontaneous,175,2,84.52,183,,,,,,Medium
AUD_3075,Spontaneous,122,12,33.53,124,,,,,,High
AUD_908,Reading,128,9,73.37,155,,,,,,Medium
AUD_4139,Spontaneous,172,4,73.34,190,,,,,,High
AUD_1660,Reading,144,10,31.11,97,,,,,,High
AUD_2416,Spontaneous,147,14,85.49,95,,,,,,High
AUD_2338,Reading,100,5,68.3,58,,,,,,Medium
AUD_1925,Spontaneous,174,14,68.65,174,,,,,,Medium
AUD_4792,Spontaneous,94,7,39.29,111,,,,,,Medium
AUD_1022,Reading,92,10,40.11,156,,,,,,High
AUD_3860,Reading,119,5,56.88,150,,,,,,Medium
AUD_186,Spontaneous,92,2,83.21,121,,,,,,Medium
AUD_4172,Spontaneous,176,3,61.32,60,,,,,,High
AUD_1369,Spontaneous,106,13,30.15,162,,,,,,High
AUD_4701,Reading,179,4,84.46,64,,,,,,High
AUD_4557,Spontaneous,130,7,77.17,93,,,,,,Medium
AUD_4712,Spontaneous,175,11,43.86,157,,,,,,Medium
AUD_3529,Reading,130,12,30.73,101,,,,,,High
AUD_422,Reading,157,6,80.5,156,,,,,,Medium
AUD_916,Spontaneous,118,3,31.68,166,,,,,,Medium
AUD_2238,Spontaneous,143,2,23.26,168,,,,,,Low
AUD_611,Spontaneous,177,7,26.94,176,,,,,,Medium
AUD_2263,Spontaneous,165,2,47.4,124,,,,,,Medium
AUD_1463,Reading,170,6,82.64,97,,,,,,Medium
AUD_973,Reading,133,9,56.52,99,,,,,,High
AUD_2676,Spontaneous,105,9,83.61,154,,,,,,High
AUD_2466,Reading,164,14,28.84,146,,,,,,High
AUD_1101,Spontaneous,137,12,28.54,198,,,,,,Medium
AUD_4875,Spontaneous,139,10,30.69,70,,,,,,Low
AUD_3063,Reading,147,3,89.82,125,,,,,,Low
AUD_275,Spontaneous,107,4,69.17,107,,,,,,High
AUD_917,Spontaneous,140,7,75.95,194,,,,,,Low
AUD_2982,Spontaneous,146,9,33.93,61,,,,,,High
AUD_549,Reading,148,2,65.71,92,,,,,,Medium
AUD_3872,Reading,107,6,48.04,138,,,,,,Medium
AUD_999,Spontaneous,96,13,24.54,76,,,,,,Medium
AUD_2620,Reading,100,10,69.09,125,,,,,,Medium
AUD_3450,Spontaneous,136,5,24.66,101,,,,,,Medium
AUD_3700,Spontaneous,144,7,89.24,198,,,,,,Medium
AUD_4579,Reading,173,5,55.3,63,,,,,,High
AUD_1683,Spontaneous,149,4,88.0,193,,,,,,High
AUD_262,Spontaneous,94,10,56.61,52,,,,,,Medium
AUD_1755,Reading,147,11,79.48,194,,,,,,High
AUD_1308,Reading,102,13,20.67,194,,,,,,Medium
AUD_1522,Spontaneous,165,14,23.97,62,,,,,,Low
AUD_376,Reading,167,9,89.63,62,,,,,,Low
AUD_887,Spontaneous,102,12,40.64,158,,,,,,High
AUD_323,Spontaneous,101,13,89.8,187,,,,,,High
AUD_2001,Spontaneous,166,13,38.68,112,,,,,,Medium
AUD_483,Reading,128,2,83.82,96,,,,,,Medium
AUD_4661,Spontaneous,151,3,24.1,138,,,,,,Low
AUD_4592,Spontaneous,157,2,48.2,192,,,,,,Medium
AUD_3247,Spontaneous,145,2,28.08,117,,,,,,Medium
AUD_315,Spontaneous,107,8,33.4,72,,,,,,Medium
AUD_4758,Spontaneous,158,4,88.56,128,,,,,,High
AUD_4411,Reading,103,9,50.01,131,,,,,,High
AUD_1620,Spontaneous,125,6,72.45,155,,,,,,Medium
AUD_4451,Reading,162,6,80.71,61,,,,,,Medium
AUD_3341,Spontaneous,110,12,74.18,104,,,,,,Medium
AUD_959,Spontaneous,152,10,38.49,78,,,,,,High
AUD_4401,Reading,100,10,30.85,180,,,,,,High
AUD_3254,Spontaneous,120,13,58.89,134,,,,,,Medium
AUD_1103,Reading,164,2,40.82,144,,,,,,High
AUD_4147,Reading,166,7,73.63,87,,,,,,High
AUD_4931,Reading,152,12,28.06,55,,,,,,Medium
AUD_1069,Reading,140,3,58.95,119,,,,,,High
AUD_4884,Spontaneous,98,12,29.93,70,,,,,,Low
AUD_3904,Spontaneous,137,13,80.23,191,,,,,,Low
AUD_2542,Reading,93,3,69.4,81,,,,,,Medium
AUD_2794,Reading,151,9,35.6,197,,,,,,Medium
AUD_358,Spontaneous,96,9,72.9,139,,,,,,Medium
AUD_4831,Spontaneous,180,9,29.96,70,,,,,,High
AUD_727,Spontaneous,141,3,74.85,113,,,,,,Medium
AUD_430,Spontaneous,151,5,73.72,122,,,,,,High
AUD_3656,Spontaneous,166,7,26.97,126,,,,,,High
AUD_1020,Spontaneous,124,12,59.64,58,,,,,,High
AUD_1326,Spontaneous,151,8,34.82,155,,,,,,Medium
AUD_842,Reading,129,6,88.26,153,,,,,,Low
AUD_2704,Reading,162,14,88.23,191,,,,,,Medium
AUD_1383,Reading,104,7,38.39,181,,,,,,Medium
AUD_2897,Reading,139,10,50.13,197,,,,,,High
AUD_2051,Spontaneous,159,8,36.42,185,,,,,,Low
AUD_31,Reading,161,11,78.05,74,,,,,,High
AUD_4604,Spontaneous,113,11,20.32,90,,,,,,High
AUD_4177,Spontaneous,97,13,32.91,106,,,,,,Medium
AUD_1730,Spontaneous,108,8,87.25,152,,,,,,Medium
AUD_1820,Reading,180,4,82.3,173,,,,,,Medium
AUD_370,Reading,154,5,38.25,55,,,,,,Low
AUD_2493,Spontaneous,162,7,56.49,69,,,,,,Medium
AUD_902,Reading,150,13,52.18,87,,,,,,Medium
AUD_3664,Reading,91,5,50.79,122,,,,,,Medium
AUD_1717,Spontaneous,94,14,56.61,135,,,,,,High
AUD_3987,Spontaneous,97,3,69.49,168,,,,,,Low
AUD_4787,Reading,173,6,37.54,67,,,,,,High
AUD_546,Spontaneous,136,10,25.57,127,,,,,,Low
AUD_3047,Reading,180,6,40.71,171,,,,,,Medium
AUD_4879,Spontaneous,135,9,73.12,56,,,,,,High
AUD_2346,Reading,111,5,60.23,155,,,,,,High
AUD_1401,Reading,160,5,88.26,187,,,,,,High
AUD_1237,Reading,176,5,22.37,92,,,,,,Medium
AUD_2800,Reading,101,12,66.87,116,,,,,,High
AUD_1591,Spontaneous,142,14,60.73,56,,,,,,Medium
AUD_1821,Spontaneous,158,8,21.33,73,,,,,,High
AUD_4705,Spontaneous,161,13,75.01,142,,,,,,Low
AUD_1639,Reading,130,12,75.69,176,,,,,,High
AUD_2486,Reading,114,7,28.17,88,,,,,,Medium
AUD_2153,Reading,127,11,67.68,52,,,,,,Medium
AUD_686,Spontaneous,173,8,74.71,195,,,,,,High
AUD_2363,Spontaneous,160,9,24.99,66,,,,,,Medium
AUD_3600,Spontaneous,163,3,34.32,196,,,,,,High
AUD_122,Spontaneous,144,8,33.17,108,,,,,,Medium
AUD_1878,Reading,135,9,89.72,107,,,,,,Medium
AUD_557,Spontaneous,90,4,46.04,151,,,,,,Low
AUD_1957,Spontaneous,144,9,63.38,73,,,,,,High
AUD_2118,Reading,178,9,31.68,194,,,,,,Medium
AUD_3805,Reading,162,9,75.86,188,,,,,,High
AUD_3265,Reading,131,13,42.15,58,,,,,,Medium
AUD_63,Spontaneous,122,12,31.42,70,,,,,,High
AUD_3256,Reading,151,4,49.3,63,,,,,,High
AUD_3576,Reading,102,14,62.38,114,,,,,,Medium
AUD_3940,Reading,122,4,33.62,75,,,,,,Medium
AUD_3799,Spontaneous,152,11,88.2,168,,,,,,Medium
AUD_4850,Spontaneous,138,12,69.55,132,,,,,,Medium
AUD_1240,Reading,107,12,43.26,116,,,,,,High
AUD_2977,Spontaneous,150,13,44.5,161,,,,,,Low
AUD_932,Spontaneous,128,5,31.14,148,,,,,,High
AUD_2278,Reading,175,7,39.52,67,,,,,,High
AUD_3533,Spontaneous,92,10,25.66,184,,,,,,High
AUD_1990,Reading,153,4,84.99,131,,,,,,Low
AUD_4323,Reading,124,12,73.23,90,,,,,,Medium
AUD_1074,Spontaneous,153,4,21.42,173,,,,,,High
AUD_3880,Spontaneous,120,3,39.12,104,,,,,,Medium
AUD_2785,Reading,128,13,39.43,184,,,,,,Low
AUD_3658,Spontaneous,95,10,75.77,51,,,,,,High
AUD_2813,Reading,135,9,84.19,195,,,,,,High
AUD_4186,Reading,168,3,45.89,103,,,,,,High
AUD_474,Reading,158,5,37.05,111,,,,,,High
AUD_4076,Reading,147,5,35.33,97,,,,,,High
AUD_1788,Spontaneous,109,4,37.29,197,,,,,,High
