id,wpm,pause_count,speech_duration,word_count,filler_count,silence_ratio,average_pause_duration,hesitation_label
320,125.72,4,84.47,177,5,0.183,0.73,Medium
1338,62.15,10,70.47,73,12,0.234,1.57,High
1551,83.95,11,55.03,77,10,0.31,0.77,High
2038,125.2,6,36.42,76,1,0.198,0.89,Medium
40,123.88,4,48.44,100,2,0.157,0.64,Medium
2039,91.89,13,52.89,81,9,0.342,1.27,High
23,149.35,0,49.41,123,0,0.05,0.0,Low
1826,95.24,8,80.01,127,16,0.318,1.12,High
1668,150.49,2,90.9,228,1,0.087,0.53,Low
616,68.38,11,25.44,29,6,0.329,1.06,High
1484,113.8,5,44.29,84,3,0.178,0.68,Medium
685,138.78,1,41.07,95,1,0.036,0.37,Low
1116,162.18,3,55.12,149,2,0.081,0.42,Low
1092,145.19,2,43.8,106,0,0.13,0.56,Low
1527,92.02,10,39.12,60,1,0.308,1.12,High
1034,147.73,2,87.73,216,1,0.07,0.39,Low
1586,59.59,9,47.33,47,8,0.357,1.35,High
265,144.04,3,61.65,148,2,0.072,0.42,Low
593,77.34,9,57.41,74,12,0.249,1.1,High
398,160.9,3,67.12,180,0,0.087,0.44,Low
2150,114.95,5,51.68,99,4,0.234,0.86,Medium
2780,148.0,3,55.54,137,1,0.056,0.4,Low
405,63.62,13,57.53,61,7,0.335,1.12,High
48,162.38,0,50.25,136,0,0.087,0.0,Low
2804,109.94,12,52.94,97,6,0.306,0.86,High
1411,104.21,14,61.03,106,13,0.366,1.6,High
2815,147.27,2,23.63,58,0,0.105,0.39,Low
1375,156.69,2,52.84,138,2,0.125,0.4,Low
561,79.76,7,36.86,49,3,0.359,1.37,High
2265,82.24,8,57.63,79,9,0.37,1.31,High
894,145.29,3,49.14,119,0,0.111,0.43,Low
967,83.56,10,66.78,93,6,0.3,1.16,High
1009,85.78,15,39.17,56,5,0.38,1.09,High
2892,79.51,7,46.03,61,15,0.483,0.71,High
1736,148.95,2,52.37,130,1,0.126,0.51,Low
2649,149.32,2,36.16,90,1,0.051,0.36,Low
1820,179.77,0,69.09,207,1,0.05,0.0,Low
523,121.21,6,70.29,142,4,0.133,0.5,Medium
2634,142.81,4,75.63,180,2,0.089,0.49,Low
1651,131.02,5,56.78,124,1,0.106,0.81,Medium
1857,125.56,6,67.86,142,3,0.157,0.55,Medium
2867,162.16,1,42.92,116,1,0.109,0.34,Low
2707,78.34,14,42.89,56,2,0.357,1.25,High
1119,76.47,15,49.43,63,6,0.491,1.18,High
166,115.98,6,51.73,100,3,0.139,0.75,Medium
1625,142.88,2,54.17,129,0,0.08,0.5,Low
2509,121.28,3,53.93,109,3,0.157,0.72,Medium
1453,70.67,15,55.19,65,11,0.343,1.37,High
698,81.71,6,64.62,88,7,0.237,1.1,High
2697,71.86,12,36.74,44,12,0.271,1.34,High
1060,68.83,10,48.82,56,10,0.391,0.98,High
2732,83.16,20,71.43,99,6,0.347,1.07,High
941,74.23,12,75.17,93,11,0.336,1.64,High
1918,159.29,1,46.33,123,0,0.083,0.31,Low
2635,128.05,7,64.66,138,3,0.179,0.81,Medium
2852,95.21,11,74.36,118,6,0.283,1.55,High
2977,145.38,1,72.64,176,1,0.078,0.46,Low
2958,141.0,2,20.0,47,0,0.087,0.42,Low
841,83.01,8,71.56,99,8,0.269,1.19,High
339,88.49,12,57.64,85,12,0.374,0.87,High
2771,119.13,6,56.91,113,7,0.079,0.72,Medium
201,110.74,8,44.43,82,4,0.188,0.7,Medium
1432,157.5,1,32.38,85,1,0.102,0.31,Low
163,153.46,0,49.26,126,3,0.08,0.0,Low
362,78.49,14,63.45,83,12,0.205,1.48,High
819,68.6,11,68.22,78,6,0.323,1.13,High
1132,164.77,1,50.25,138,4,0.153,0.45,Low
2400,88.16,4,64.65,95,10,0.198,1.27,High
850,111.61,5,47.31,88,4,0.167,0.7,Medium
2090,148.4,2,63.48,157,1,0.059,0.55,Low
606,115.16,4,45.85,88,2,0.157,0.51,Medium
1013,158.63,4,57.11,151,0,0.094,0.47,Low
1892,65.15,9,63.54,69,10,0.282,1.47,High
2704,107.02,6,64.48,115,9,0.157,0.71,Medium
2858,92.45,13,61.01,94,7,0.199,1.14,High
1713,98.14,13,61.14,100,9,0.27,1.58,High
1236,116.02,7,57.92,112,3,0.2,0.74,Medium
931,149.88,4,75.26,188,2,0.088,0.41,Low
740,82.01,12,64.39,88,6,0.26,1.3,High
2182,130.74,6,25.24,55,2,0.147,0.68,Medium
308,121.6,5,53.78,109,2,0.222,0.89,Medium
245,152.49,3,47.61,121,1,0.103,0.41,Low
1676,63.56,13,68.91,73,9,0.351,0.82,High
35,167.49,2,59.47,166,2,0.156,0.42,Low
470,80.14,15,72.62,97,10,0.421,0.95,High
44,148.72,3,56.88,141,0,0.052,0.51,Low
1390,123.38,7,56.41,116,3,0.149,0.69,Medium
581,140.23,2,24.82,58,3,0.048,0.48,Low
346,117.06,3,63.05,123,2,0.152,0.67,Medium
585,139.62,2,51.57,120,0,0.053,0.53,Low
1905,149.28,1,59.48,148,4,0.071,0.47,Low
295,118.93,5,48.94,97,4,0.162,0.67,Medium
2332,145.5,3,55.26,134,3,0.117,0.53,Low
1266,91.13,14,73.74,112,13,0.425,1.22,High
600,127.71,4,39.46,84,5,0.137,0.58,Medium
2629,165.24,2,61.0,168,1,0.081,0.51,Low
2749,108.41,14,61.43,111,9,0.522,1.27,High
2752,103.45,5,44.08,76,3,0.124,0.84,Medium
1729,131.5,6,53.38,117,5,0.178,0.69,Medium
733,146.48,3,59.39,145,1,0.063,0.39,Low
355,82.57,9,61.76,85,14,0.292,1.08,High
1417,110.86,7,42.76,79,3,0.135,0.46,Medium
1891,113.56,7,37.51,71,2,0.141,0.91,Medium
1418,152.78,2,67.94,173,3,0.086,0.44,Low
2134,128.4,4,72.43,155,1,0.147,0.68,Medium
195,118.25,4,65.45,129,4,0.159,0.92,Medium
719,134.14,3,50.99,114,1,0.116,0.49,Low
2783,68.49,9,70.96,81,17,0.296,1.32,High
2889,68.23,10,79.15,90,17,0.302,1.23,High
2170,135.91,2,59.16,134,0,0.121,0.36,Low
1780,132.96,5,21.21,47,2,0.209,0.67,Medium
1518,76.45,7,62.78,80,10,0.258,1.73,High
989,167.52,3,70.92,198,0,0.051,0.55,Low
537,122.65,7,47.94,98,2,0.094,0.76,Medium
2650,80.92,13,63.76,86,10,0.338,0.84,High
901,155.36,1,62.18,161,4,0.091,0.51,Low
1768,87.91,7,40.27,59,4,0.21,1.25,High
2126,138.13,5,46.91,108,4,0.177,0.73,Medium
268,84.97,11,40.95,58,11,0.309,0.86,High
2818,131.26,1,74.51,163,3,0.078,0.4,Low
2097,155.53,2,54.01,140,0,0.105,0.39,Low
1263,88.6,10,44.02,65,7,0.382,1.41,High
1358,82.08,13,48.25,66,4,0.303,1.6,High
1584,127.43,3,33.9,72,0,0.104,0.39,Low
2094,126.28,6,48.94,103,2,0.188,0.6,Medium
1856,126.29,5,57.96,122,4,0.13,0.75,Medium
323,91.49,16,40.66,62,5,0.425,1.19,High
1990,114.17,7,60.96,116,4,0.158,0.73,Medium
1529,115.06,7,55.8,107,5,0.179,0.72,Medium
485,70.58,11,39.11,46,5,0.495,1.13,High
2080,80.29,18,44.09,59,4,0.356,1.44,High
1988,113.96,6,44.75,85,3,0.167,0.7,Medium
891,117.94,6,62.07,122,3,0.143,0.79,Medium
1748,158.73,2,62.37,165,0,0.089,0.48,Low
1641,120.74,5,56.16,113,2,0.137,0.77,Medium
1532,124.97,3,71.54,149,2,0.054,0.42,Low
2429,82.2,11,51.09,70,12,0.411,1.55,High
1521,112.34,4,82.79,155,5,0.179,0.56,Medium
1015,78.92,14,53.22,70,4,0.259,1.27,High
1979,134.6,3,57.06,128,1,0.112,0.44,Low
2185,156.08,4,45.36,118,2,0.09,0.58,Low
11,69.91,8,53.21,62,7,0.231,1.41,High
1998,138.19,2,50.8,117,3,0.053,0.42,Low
1789,129.42,5,63.98,138,4,0.119,0.84,Medium
1076,117.96,7,55.44,109,3,0.14,0.49,Medium
1366,127.0,1,54.33,115,1,0.074,0.43,Low
2496,117.34,6,41.42,81,2,0.162,0.63,Medium
1436,74.31,10,75.09,93,8,0.432,1.23,High
701,156.16,1,63.78,166,1,0.06,0.33,Low
809,123.59,5,63.6,131,1,0.281,0.85,Medium
17,124.32,6,72.88,151,6,0.173,0.62,Medium
2004,88.49,11,59.67,88,7,0.347,1.28,High
511,82.91,13,43.42,60,7,0.297,1.19,High
1999,78.82,12,54.05,71,8,0.325,1.71,High
1509,88.9,9,47.92,71,6,0.302,1.91,High
976,77.6,8,45.62,59,3,0.365,1.0,High
721,120.37,3,29.41,59,3,0.153,0.78,Medium
1817,141.92,1,64.26,152,2,0.063,0.49,Low
1633,100.85,13,74.37,125,14,0.292,1.31,High
1724,72.6,9,62.81,76,12,0.319,1.19,High
2758,177.1,2,64.03,189,2,0.089,0.45,Low
956,176.56,0,50.63,149,3,0.033,0.0,Low
1534,119.99,5,44.5,89,5,0.157,0.5,Medium
1465,112.86,7,56.35,106,5,0.195,0.79,Medium
635,83.07,9,65.73,91,5,0.316,1.25,High
508,125.94,6,39.06,82,3,0.142,0.81,Medium
275,136.95,6,80.17,183,9,0.151,0.6,Medium
563,74.03,9,47.01,58,4,0.337,0.97,High
1448,73.92,11,54.38,67,10,0.385,1.19,High
2791,132.22,5,84.86,187,9,0.163,0.61,Medium
1851,115.95,4,47.61,92,2,0.155,0.76,Medium
334,118.02,6,55.42,109,2,0.194,0.72,Medium
790,123.07,2,65.82,135,6,0.164,0.68,Medium
1677,88.49,17,78.65,116,17,0.235,0.6,High
2601,105.48,6,60.87,107,8,0.21,0.9,Medium
2347,158.7,0,34.4,91,1,0.038,0.0,Low
2110,119.77,4,51.1,102,4,0.143,0.81,Medium
2532,72.34,10,46.45,56,3,0.214,1.45,High
2153,164.25,3,86.21,236,1,0.074,0.45,Low
1629,171.06,2,43.49,124,0,0.07,0.46,Low
905,121.36,7,61.31,124,2,0.131,0.59,Medium
2386,114.52,4,31.96,61,3,0.164,0.5,Medium
61,165.08,2,66.51,183,2,0.11,0.71,Low
1037,153.72,0,65.19,167,1,0.038,0.0,Low
2803,84.51,10,59.64,84,10,0.339,1.24,High
2061,81.1,7,62.88,85,15,0.427,1.05,High
137,138.0,3,20.0,46,0,0.09,0.4,Low
1090,119.06,7,58.96,117,3,0.138,0.59,Medium
2498,92.44,9,75.29,116,18,0.141,1.55,High
576,155.61,3,37.79,98,0,0.084,0.49,Low
2242,114.92,5,59.52,114,4,0.149,0.65,Medium
26,57.72,12,40.54,39,3,0.349,0.93,High
1091,135.5,0,54.02,122,1,0.01,0.0,Low
2344,91.27,12,61.14,93,7,0.257,1.47,High
758,159.85,1,55.18,147,0,0.071,0.45,Low
793,163.04,2,35.33,96,0,0.062,0.48,Low
1674,118.52,7,38.47,76,1,0.175,0.75,Medium
744,117.37,5,70.04,137,5,0.214,0.8,Medium
599,122.03,7,45.73,93,6,0.144,0.74,Medium
2877,132.33,5,48.06,106,5,0.197,0.83,Medium
1280,116.75,4,44.71,87,4,0.174,0.88,Medium
2047,86.47,14,64.53,93,3,0.205,1.26,High
144,78.0,12,57.69,75,13,0.375,1.07,High
2058,116.07,4,44.97,87,4,0.169,0.77,Medium
1003,121.95,5,65.44,133,4,0.178,0.53,Medium
387,119.83,8,45.57,91,5,0.129,0.69,Medium
271,118.45,4,79.53,157,3,0.126,0.77,Medium
542,102.92,4,45.47,78,7,0.133,0.61,Medium
2405,162.57,3,54.25,147,2,0.095,0.31,Low
687,123.33,4,28.7,59,0,0.187,0.65,Medium
1061,85.39,10,42.16,60,7,0.354,1.32,High
1978,107.05,6,47.08,84,3,0.155,0.76,Medium
1559,74.8,16,55.35,69,9,0.323,0.99,High
2983,75.96,13,71.88,91,7,0.359,1.14,High
755,173.77,1,42.82,124,1,0.096,0.39,Low
1144,118.74,4,35.37,70,0,0.138,0.69,Medium
2073,73.68,10,55.37,68,6,0.31,1.56,High
977,95.08,9,72.57,115,12,0.251,1.43,High
2980,147.01,2,49.39,121,2,0.121,0.4,Low
2228,77.44,14,54.23,70,3,0.48,0.98,High
1422,83.77,11,50.85,71,7,0.312,1.33,High
588,124.89,6,55.73,116,3,0.193,0.71,Medium
1802,88.07,8,63.36,93,5,0.362,0.93,High
1545,113.57,7,57.06,108,2,0.159,0.72,Medium
974,112.98,4,61.6,116,5,0.141,0.79,Medium
2530,150.63,1,51.38,129,1,0.098,0.46,Low
524,161.98,1,52.6,142,2,0.067,0.43,Low
318,86.84,8,51.82,75,6,0.321,1.45,High
1680,85.8,12,52.45,75,7,0.229,1.24,High
397,157.16,2,54.59,143,2,0.06,0.42,Low
1460,127.29,7,65.05,138,10,0.205,0.56,Medium
1572,144.05,3,47.07,113,2,0.023,0.48,Low
2631,58.6,11,70.65,69,11,0.323,1.0,High
922,151.55,2,51.47,130,0,0.095,0.4,Low
2237,139.01,2,57.84,134,0,0.044,0.45,Low
864,162.9,0,61.14,166,3,0.091,0.0,Low
2558,110.42,7,58.14,107,1,0.14,0.72,Medium
2976,153.48,3,79.75,204,0,0.047,0.41,Low
142,123.52,4,61.21,126,1,0.168,0.5,Medium
309,113.99,5,58.43,111,2,0.144,0.7,Medium
109,166.59,1,63.75,177,1,0.067,0.42,Low
1955,105.19,4,66.16,116,7,0.225,0.64,Medium
2591,92.7,6,49.19,76,8,0.287,1.33,High
326,133.55,6,50.77,113,3,0.174,0.43,Medium
531,95.22,14,52.3,83,7,0.346,1.6,High
673,136.67,3,55.31,126,4,0.062,0.41,Low
2174,105.53,4,51.17,90,2,0.147,0.52,Medium
321,106.33,4,76.18,135,4,0.08,0.8,Medium
1021,116.58,7,42.72,83,4,0.128,0.81,Medium
2270,128.31,7,48.63,104,2,0.152,0.6,Medium
2194,95.52,11,69.73,111,12,0.2,1.21,High
902,167.3,1,59.53,166,1,0.053,0.45,Low
893,129.47,6,42.17,91,3,0.178,0.68,Medium
2203,94.76,7,69.02,109,9,0.301,1.4,High
1575,156.44,4,45.64,119,0,0.045,0.54,Low
2093,82.69,15,71.84,99,7,0.304,1.52,High
407,148.83,2,54.83,136,3,0.086,0.45,Low
503,169.12,2,61.38,173,2,0.045,0.57,Low
459,176.78,1,61.09,180,3,0.086,0.52,Low
2035,92.17,8,74.86,115,8,0.353,1.48,High
855,117.89,5,61.07,120,3,0.172,0.71,Medium
2171,106.99,11,78.51,140,7,0.372,0.81,High
365,133.49,1,64.73,144,2,0.081,0.38,Low
242,167.61,2,34.72,97,0,0.125,0.34,Low
2927,135.64,2,54.85,124,2,0.097,0.48,Low
2476,83.89,10,47.92,67,3,0.508,1.62,High
1367,125.15,5,39.31,82,1,0.147,0.8,Medium
2581,163.64,2,45.1,123,1,0.105,0.41,Low
2360,127.16,6,60.4,128,4,0.136,0.77,Medium
1643,125.69,7,64.92,136,3,0.12,0.79,Medium
2075,111.63,4,51.6,96,3,0.179,0.65,Medium
1860,125.67,7,28.17,59,1,0.239,0.62,Medium
1106,62.2,15,74.28,77,8,0.334,1.53,High
2827,77.45,11,41.06,53,4,0.286,0.95,High
64,144.5,2,57.3,138,0,0.059,0.43,Low
1610,120.34,5,55.34,111,1,0.17,0.6,Medium
2205,70.13,11,43.63,51,5,0.432,1.06,High
2392,124.07,5,48.36,100,3,0.126,0.73,Medium
2725,167.91,2,42.88,120,2,0.073,0.49,Low
108,128.45,2,22.42,48,0,0.068,0.57,Low
598,167.84,1,57.55,161,1,0.047,0.38,Low
2979,92.71,13,86.72,134,17,0.297,1.36,High
185,136.56,2,51.84,118,1,0.059,0.36,Low
2924,155.97,0,48.86,127,1,0.072,0.0,Low
171,73.52,11,49.78,61,4,0.412,1.38,High
2727,139.6,6,45.56,106,5,0.166,0.56,Medium
1240,166.65,2,59.04,164,2,0.032,0.31,Low
1170,152.61,4,60.94,155,2,0.058,0.45,Low
373,120.59,5,52.74,106,8,0.195,0.65,Medium
439,78.24,9,60.59,79,12,0.298,1.55,High
164,143.88,2,45.87,110,1,0.057,0.48,Low
807,125.38,8,30.63,64,3,0.131,0.51,Medium
1909,94.95,12,60.66,96,6,0.249,1.07,High
335,108.36,6,43.19,78,4,0.185,0.66,Medium
553,149.32,4,59.87,149,2,0.08,0.38,Low
926,107.75,6,62.92,113,8,0.246,0.64,Medium
2060,130.01,5,71.07,154,7,0.196,0.73,Medium
573,81.29,12,74.55,101,12,0.391,1.15,High
788,78.98,11,57.74,76,7,0.345,0.88,High
875,149.08,2,54.33,135,1,0.078,0.44,Low
2511,138.61,3,78.35,181,2,0.056,0.48,Low
1261,115.02,5,47.99,92,4,0.219,0.92,Medium
801,155.48,4,67.53,175,2,0.071,0.56,Low
1623,147.19,1,59.92,147,1,0.047,0.41,Low
1218,65.34,7,73.47,80,11,0.327,1.15,High
212,104.19,5,43.19,75,1,0.153,0.93,Medium
1751,169.23,1,49.64,140,2,0.098,0.38,Low
191,151.35,2,36.47,92,0,0.036,0.54,Low
2730,148.53,2,55.34,137,1,0.125,0.47,Low
145,93.6,13,73.08,114,17,0.324,1.5,High
2207,116.63,6,56.59,110,7,0.21,0.85,Medium
2127,165.0,0,20.0,55,0,0.109,0.0,Low
45,112.91,5,52.61,99,5,0.13,0.34,Medium
1839,168.21,0,36.74,103,0,0.109,0.0,Low
768,93.41,13,61.02,95,10,0.419,1.49,High
2407,109.91,4,38.76,71,4,0.148,0.58,Medium
1755,164.78,1,48.79,134,1,0.08,0.4,Low
258,81.08,9,46.62,63,4,0.339,1.21,High
2209,85.64,14,66.55,95,9,0.287,1.1,High
29,152.79,3,59.69,152,1,0.097,0.49,Low
2248,156.67,3,59.36,155,2,0.101,0.54,Low
2836,119.47,5,21.6,43,0,0.19,0.81,Medium
2918,91.74,12,37.93,58,9,0.37,1.13,High
1805,91.08,12,32.28,49,4,0.41,0.93,High
1681,124.27,5,62.28,129,5,0.131,0.8,Medium
1313,112.27,6,49.17,92,6,0.163,0.73,Medium
2336,86.18,12,54.31,78,6,0.292,1.12,High
584,77.51,13,43.35,56,8,0.335,0.82,High
182,74.85,13,53.71,67,12,0.174,1.28,High
1271,71.74,13,50.18,60,7,0.264,0.89,High
2696,133.13,0,64.9,144,1,0.075,0.0,Low
1712,124.28,6,40.07,83,5,0.117,0.63,Medium
1589,125.8,4,52.46,110,2,0.127,0.89,Medium
2411,121.71,5,50.77,103,6,0.163,0.83,Medium
1547,168.8,3,53.32,150,2,0.128,0.49,Low
162,117.02,5,45.12,88,4,0.193,0.59,Medium
299,86.57,13,89.41,129,12,0.363,1.67,High
2638,106.06,7,41.3,73,4,0.15,0.75,Medium
970,134.29,7,56.74,127,1,0.166,0.71,Medium
378,113.15,5,59.92,113,2,0.17,0.63,Medium
2728,72.76,13,62.67,76,13,0.297,1.17,High
1570,88.16,13,54.44,80,7,0.28,1.18,High
199,172.87,2,38.18,110,1,0.081,0.39,Low
158,84.81,9,62.97,89,14,0.313,1.69,High
1208,77.46,11,45.7,59,6,0.387,1.58,High
1613,154.29,1,56.0,144,0,0.077,0.41,Low
2644,167.39,2,52.69,147,2,0.078,0.45,Low
1936,74.58,15,40.22,50,5,0.296,1.4,High
386,98.46,8,49.36,81,7,0.212,0.79,High
1823,77.8,13,39.33,51,4,0.322,1.49,High
235,156.72,4,62.4,163,2,0.068,0.52,Low
269,65.57,8,46.66,51,4,0.382,1.29,High
435,111.55,4,73.69,137,5,0.115,0.79,Medium
2743,60.05,8,58.95,59,2,0.351,1.01,High
2935,122.65,5,77.3,158,6,0.174,0.79,Medium
546,119.58,6,32.11,64,3,0.146,0.74,Medium
2225,161.94,0,53.35,144,1,0.038,0.0,Low
2162,142.46,0,21.48,51,1,0.087,0.0,Low
2001,114.55,5,78.57,150,6,0.182,0.55,Medium
888,87.2,9,38.53,56,11,0.154,0.97,High
55,156.18,1,49.94,130,2,0.08,0.49,Low
2793,134.87,4,37.81,85,2,0.152,0.74,Medium
2033,144.16,2,50.78,122,2,0.057,0.49,Low
2493,82.59,12,39.23,54,8,0.348,1.14,High
312,116.95,5,49.25,96,3,0.144,0.51,Medium
50,122.75,5,48.39,99,5,0.142,0.85,Medium
2053,128.22,4,71.13,152,5,0.197,0.7,Medium
1493,169.72,1,32.17,91,2,0.063,0.53,Low
2258,118.45,5,76.49,151,9,0.174,0.68,Medium
1801,75.9,12,45.06,57,7,0.278,0.91,High
748,73.88,10,22.74,28,3,0.201,0.9,High
126,77.59,13,60.32,78,8,0.364,0.96,High
2312,114.1,5,64.68,123,1,0.16,0.64,Medium
1172,148.77,1,75.82,188,1,0.083,0.43,Low
2268,71.41,13,37.81,45,1,0.227,0.82,High
1401,76.97,12,24.16,31,1,0.333,1.19,High
2049,159.1,4,59.59,158,1,0.082,0.52,Low
10,77.0,12,68.57,88,5,0.323,1.16,High
1431,169.8,2,63.96,181,1,0.091,0.44,Low
2495,145.8,4,50.2,122,1,0.092,0.56,Low
1951,87.59,10,60.97,89,14,0.366,0.92,High
1739,160.14,2,49.83,133,0,0.097,0.39,Low
1716,76.56,5,61.13,78,5,0.281,1.36,High
1775,152.85,0,74.98,191,2,0.087,0.0,Low
12,157.24,3,43.88,115,2,0.04,0.47,Low
2691,69.66,10,59.43,69,14,0.381,0.91,High
2744,68.41,9,35.96,41,8,0.277,0.86,High
1362,81.05,16,47.38,64,11,0.357,1.25,High
1647,126.74,8,61.54,130,5,0.187,0.83,Medium
2455,128.05,2,56.7,121,0,0.047,0.4,Low
2901,93.5,6,72.51,113,8,0.305,1.58,High
1196,142.47,2,32.85,78,1,0.051,0.54,Low
942,129.71,1,58.28,126,0,0.08,0.31,Low
939,132.17,4,39.49,87,4,0.167,0.55,Medium
614,118.59,6,73.36,145,8,0.138,0.77,Medium
2677,84.79,13,83.5,118,13,0.308,0.95,High
2988,138.12,1,61.69,142,3,0.066,0.56,Low
2585,123.75,7,69.82,144,2,0.156,0.55,Medium
803,117.71,7,37.72,74,5,0.155,0.93,Medium
1858,108.01,4,76.66,138,11,0.152,1.04,Medium
2409,87.43,11,64.51,94,8,0.271,1.52,High
2513,142.73,2,41.2,98,2,0.074,0.31,Low
2232,103.08,16,40.74,70,5,0.332,0.62,High
2948,54.81,9,60.21,55,6,0.295,1.2,High
410,90.22,13,45.22,68,3,0.239,1.09,High
2995,61.17,7,73.57,75,19,0.43,1.48,High
2266,93.14,11,53.47,83,5,0.338,1.31,High
202,127.42,4,77.23,164,3,0.205,0.5,Medium
2269,144.04,3,47.07,113,1,0.074,0.48,Low
1984,102.29,12,47.51,81,5,0.219,0.95,High
322,153.02,0,83.91,214,2,0.055,0.0,Low
2440,124.54,5,64.08,133,9,0.218,0.74,Medium
2146,86.84,8,47.68,69,9,0.35,1.34,High
637,87.7,13,67.05,98,17,0.276,1.15,High
1553,143.38,2,30.13,72,2,0.105,0.37,Low
2905,156.03,2,41.53,108,0,0.085,0.43,Low
1309,128.83,5,64.27,138,3,0.197,0.71,Medium
2960,78.44,7,42.84,56,4,0.339,1.1,High
1836,158.75,2,60.09,159,4,0.099,0.31,Low
689,109.94,6,66.04,121,4,0.159,0.82,Medium
2469,70.37,14,63.95,75,9,0.396,1.2,High
2239,106.01,5,24.34,43,1,0.139,0.94,Medium
250,85.83,12,67.81,97,9,0.353,1.77,High
1120,120.07,5,67.46,135,3,0.131,0.5,Medium
1470,71.41,16,74.78,89,8,0.383,0.98,High
506,138.28,7,53.37,123,2,0.17,0.8,Medium
2755,99.08,9,81.14,134,9,0.443,1.65,High
2563,110.1,13,56.68,104,5,0.362,1.14,High
690,108.97,5,57.26,104,5,0.229,0.77,Medium
2013,108.03,6,60.54,109,10,0.197,0.78,Medium
1854,68.5,13,70.08,80,5,0.385,1.49,High
101,72.37,15,39.79,48,4,0.232,1.45,High
2452,157.32,0,56.07,147,1,0.06,0.0,Low
1495,81.06,14,56.25,76,10,0.36,0.78,High
2588,144.82,2,49.3,119,3,0.052,0.47,Low
1126,119.06,5,70.05,139,4,0.224,0.81,Medium
2219,147.44,2,35.0,86,0,0.072,0.42,Low
2764,118.16,5,42.14,83,0,0.109,0.64,Medium
2701,125.82,6,37.67,79,4,0.187,0.85,Medium
988,142.99,1,62.52,149,1,0.105,0.55,Low
1616,112.6,6,58.08,109,1,0.175,0.74,Medium
2951,95.96,14,67.53,108,9,0.465,1.63,High
352,85.6,11,72.2,103,9,0.371,1.27,High
792,154.01,0,64.28,165,0,0.076,0.0,Low
1943,122.69,4,28.85,59,3,0.147,0.75,Medium
2565,106.79,6,57.87,103,4,0.187,0.72,Medium
248,171.92,3,74.34,213,1,0.094,0.35,Low
1959,77.49,6,74.33,96,8,0.3,1.1,High
2573,161.12,2,48.78,131,1,0.078,0.5,Low
34,67.55,9,39.08,44,7,0.356,1.18,High
2930,85.14,9,63.43,90,3,0.37,1.55,High
2448,70.55,9,62.08,73,8,0.387,1.12,High
2123,90.49,12,51.06,77,4,0.221,1.15,High
678,161.59,3,52.36,141,2,0.056,0.54,Low
187,178.28,0,49.14,146,0,0.118,0.0,Low
565,151.31,2,69.39,175,3,0.083,0.4,Low
1093,113.97,6,54.23,103,1,0.161,0.72,Medium
2838,87.83,6,58.06,85,7,0.416,0.92,High
1291,108.6,13,54.7,99,7,0.51,1.46,High
2828,120.36,7,38.38,77,6,0.198,0.95,Medium
2380,123.72,6,57.23,118,4,0.171,0.59,Medium
1582,153.65,1,34.76,89,1,0.081,0.47,Low
540,118.61,3,37.43,74,0,0.179,0.55,Medium
2623,122.87,6,63.97,131,8,0.154,0.81,Medium
2823,77.05,9,56.07,72,12,0.274,1.25,High
1043,79.98,11,55.51,74,4,0.348,1.66,High
2155,146.19,2,26.68,65,1,0.114,0.46,Low
43,153.85,0,28.47,73,0,0.065,0.0,Low
2797,143.75,1,45.91,110,1,0.075,0.33,Low
953,126.81,3,49.68,105,3,0.122,0.56,Low
2163,107.16,6,77.83,139,3,0.16,0.6,Medium
2352,77.77,8,52.46,68,9,0.343,1.0,High
1038,100.41,13,45.41,76,9,0.247,0.99,High
968,139.01,2,50.5,117,1,0.076,0.42,Low
1795,171.29,0,47.29,135,1,0.156,0.0,Low
2568,151.48,0,52.68,133,2,0.067,0.0,Low
1205,118.04,4,52.86,104,2,0.118,0.75,Medium
1086,118.43,5,64.85,128,3,0.142,0.59,Medium
28,123.5,5,87.93,181,8,0.16,0.62,Medium
1762,132.6,5,65.61,145,2,0.16,0.51,Medium
1513,108.54,10,63.02,114,13,0.37,1.2,High
1165,123.25,6,33.59,69,2,0.209,0.76,Medium
1930,116.33,4,43.84,85,2,0.169,0.68,Medium
1563,93.6,9,57.05,89,8,0.365,1.27,High
2745,132.43,6,34.43,76,1,0.13,0.57,Medium
496,150.95,1,82.28,207,4,0.107,0.38,Low
1913,109.47,7,50.42,92,3,0.189,0.64,Medium
2041,152.42,3,55.5,141,1,0.086,0.55,Low
1164,128.55,0,71.41,153,4,0.041,0.0,Low
713,137.24,2,68.2,156,2,0.1,0.45,Low
1098,94.67,10,29.79,47,3,0.214,1.14,High
1852,97.32,11,54.87,89,10,0.349,1.19,High
89,96.07,6,69.32,111,6,0.271,1.69,High
1673,173.71,3,53.88,156,3,0.087,0.45,Low
1541,138.96,2,52.24,121,0,0.054,0.32,Low
42,138.58,1,25.98,60,0,0.134,0.43,Low
859,75.31,10,65.33,82,9,0.231,1.23,High
2489,79.67,13,60.25,80,10,0.41,1.31,High
715,75.04,11,74.36,93,13,0.336,1.68,High
2227,151.2,1,55.16,139,4,0.083,0.33,Low
2020,71.37,10,63.05,75,13,0.278,0.85,High
2669,66.67,16,50.4,56,5,0.349,1.33,High
102,143.8,2,37.97,91,1,0.097,0.54,Low
150,143.31,1,57.78,138,1,0.091,0.34,Low
557,167.14,1,53.85,150,0,0.078,0.47,Low
1369,105.78,6,55.02,97,6,0.16,0.56,Medium
2998,120.0,6,20.0,40,0,0.199,0.82,Medium
292,67.43,7,62.29,70,6,0.349,1.04,High
1514,118.27,7,55.3,109,4,0.169,0.76,Medium
2718,79.48,11,40.01,53,6,0.302,1.73,High
379,148.41,2,65.49,162,0,0.117,0.54,Low
369,128.2,6,49.61,106,10,0.125,0.66,Medium
982,74.84,13,63.34,79,7,0.332,1.13,High
1115,89.31,11,47.03,70,11,0.285,1.34,High
1925,86.02,10,43.95,63,7,0.325,1.61,High
683,70.06,10,62.52,73,7,0.284,1.52,High
991,68.34,11,53.56,61,6,0.273,0.71,High
2899,121.15,7,44.08,89,4,0.16,0.61,Medium
2824,122.77,5,63.04,129,5,0.184,0.94,Medium
1063,172.61,2,46.58,134,3,0.083,0.51,Low
1822,88.68,12,58.86,87,8,0.284,1.1,High
14,119.52,3,76.3,152,7,0.164,0.75,Medium
1248,127.86,6,65.7,140,6,0.226,0.78,Medium
1387,171.76,1,49.26,141,2,0.076,0.4,Low
2779,143.63,1,37.18,89,1,0.102,0.52,Low
192,118.24,5,37.04,73,0,0.138,0.65,Medium
932,112.01,6,46.07,86,3,0.151,0.39,Medium
1101,151.69,2,34.81,88,0,0.103,0.39,Low
1690,91.36,8,91.29,139,14,0.416,1.21,High
2992,131.59,0,77.06,169,2,0.118,0.0,Low
1539,140.85,2,58.79,138,1,0.063,0.44,Low
839,73.02,11,59.16,72,13,0.414,0.87,High
2920,119.72,4,45.6,91,1,0.197,0.55,Medium
957,120.05,5,43.48,87,3,0.131,0.68,Medium
1995,115.3,5,46.31,89,4,0.204,0.82,Medium
2870,130.55,6,45.5,99,1,0.201,0.67,Medium
1689,107.21,5,76.67,137,7,0.137,0.56,Medium
1351,157.39,3,45.75,120,1,0.083,0.48,Low
2334,137.87,3,71.37,164,2,0.01,0.43,Low
2215,119.23,8,68.44,136,5,0.148,0.78,Medium
1992,117.81,2,60.6,119,0,0.079,0.44,Low
403,124.15,5,43.98,91,5,0.17,0.75,Medium
1014,117.48,5,55.16,108,2,0.183,0.76,Medium
2668,107.43,7,47.47,85,6,0.193,0.61,Medium
1395,157.06,0,48.13,126,3,0.071,0.0,Low
2841,92.88,9,78.82,122,14,0.281,1.21,High
1223,159.17,2,64.46,171,1,0.062,0.5,Low
1349,85.28,11,55.58,79,8,0.317,1.21,High
2934,72.99,16,60.01,73,10,0.319,1.17,High
1301,122.53,6,84.71,173,4,0.124,0.84,Medium
1188,159.69,3,46.59,124,0,0.066,0.39,Low
873,148.38,1,53.78,133,2,0.045,0.37,Low
1546,140.62,3,60.16,141,4,0.075,0.45,Low
2865,104.57,13,67.71,118,7,0.446,1.15,High
2966,121.55,7,69.1,140,5,0.159,0.73,Medium
2267,159.02,4,73.2,194,4,0.092,0.54,Low
2015,127.76,5,46.96,100,3,0.07,0.71,Medium
2624,149.29,2,57.07,142,1,0.15,0.42,Low
1456,165.45,3,56.94,157,1,0.061,0.44,Low
872,161.08,5,44.7,120,1,0.082,0.42,Low
2044,167.61,1,57.28,160,0,0.064,0.45,Low
1340,118.75,4,55.58,110,6,0.225,0.84,Medium
1231,73.02,8,64.1,78,4,0.368,1.33,High
231,119.76,4,55.11,110,3,0.111,0.75,Medium
1251,104.98,11,65.73,115,11,0.488,1.03,High
197,129.01,1,73.02,157,5,0.078,0.37,Low
679,91.76,14,65.39,100,14,0.345,1.29,High
1945,144.44,1,34.48,83,0,0.035,0.43,Low
2794,151.48,1,70.9,179,2,0.123,0.55,Low
986,97.11,8,80.32,130,17,0.335,1.26,High
2538,69.31,11,78.77,91,13,0.502,0.89,High
2561,128.3,6,63.6,136,3,0.157,0.77,Medium
46,138.72,5,61.42,142,5,0.183,0.95,Medium
154,70.73,13,61.07,72,13,0.273,0.68,High
2376,138.89,2,69.55,161,4,0.031,0.55,Low
2729,92.57,10,63.52,98,13,0.428,0.93,High
471,143.32,2,70.33,168,2,0.072,0.45,Low
1599,123.53,4,24.77,51,1,0.125,0.75,Medium
2459,69.09,15,46.9,54,5,0.322,1.07,High
1861,113.0,5,84.96,160,7,0.179,0.87,Medium
2172,128.3,5,62.2,133,4,0.176,0.77,Medium
1881,128.94,2,49.33,106,0,0.075,0.43,Low
63,144.62,1,73.02,176,3,0.074,0.36,Low
2068,110.4,5,50.54,93,8,0.142,0.66,Medium
2444,118.63,6,47.54,94,3,0.192,0.75,Medium
2354,84.85,8,34.65,49,7,0.288,1.35,High
251,116.89,5,35.93,70,4,0.15,0.61,Medium
587,63.47,13,51.05,54,11,0.276,1.5,High
71,122.39,5,54.91,112,2,0.173,0.79,Medium
545,149.4,1,55.42,138,3,0.057,0.5,Low
2014,72.14,13,41.59,50,5,0.276,1.18,High
2574,139.31,0,45.22,105,0,0.055,0.0,Low
56,70.67,11,47.55,56,6,0.376,1.11,High
1171,73.83,11,47.13,58,8,0.245,1.23,High
1558,156.63,2,55.55,145,1,0.061,0.52,Low
27,78.94,14,79.04,104,13,0.448,1.27,High
330,93.01,11,54.19,84,10,0.297,1.22,High
463,164.47,1,45.24,124,1,0.075,0.51,Low
2019,71.33,11,80.75,96,17,0.359,0.67,High
1644,159.86,4,37.53,100,2,0.079,0.49,Low
2762,118.69,4,59.15,117,1,0.185,0.68,Medium
1322,132.7,7,77.77,172,4,0.13,0.67,Medium
2008,148.39,2,55.4,137,2,0.034,0.41,Low
1474,132.7,5,50.19,111,7,0.118,0.71,Medium
981,152.85,2,74.19,189,1,0.093,0.31,Low
38,126.54,2,38.41,81,3,0.114,0.48,Low
1265,80.56,12,69.26,93,8,0.303,1.66,High
93,77.98,12,53.86,70,11,0.364,1.15,High
98,93.17,11,90.16,140,18,0.407,1.58,High
2002,61.38,14,42.04,43,4,0.36,1.16,High
892,78.17,13,61.41,80,9,0.196,1.34,High
2256,121.99,4,53.61,109,4,0.181,0.61,Medium
767,87.48,11,61.73,90,11,0.317,1.52,High
230,159.59,0,53.01,141,1,0.069,0.0,Low
2328,121.18,4,56.94,115,3,0.157,0.81,Medium
1649,90.09,12,50.62,76,9,0.318,1.3,High
2297,80.78,11,69.82,94,8,0.438,1.76,High
1381,120.7,6,44.24,89,2,0.156,0.73,Medium
143,73.51,12,44.08,54,8,0.377,1.0,High
1360,166.76,1,50.73,141,1,0.106,0.34,Low
907,157.89,5,26.6,70,0,0.077,0.44,Low
1684,98.48,6,65.19,107,17,0.312,0.83,High
2356,122.61,6,48.44,99,4,0.171,0.51,Medium
1608,93.25,14,50.19,78,8,0.205,1.61,High
1798,141.72,2,63.08,149,1,0.081,0.41,Low
447,71.22,10,48.02,57,7,0.316,0.97,High
1199,143.66,2,21.72,52,0,0.093,0.43,Low
1585,111.6,6,62.37,116,7,0.153,0.52,Medium
2435,121.41,5,32.12,65,1,0.165,0.65,Medium
183,132.65,6,48.4,107,4,0.14,0.65,Medium
241,77.3,10,67.53,87,9,0.22,1.29,High
1779,145.08,4,53.35,129,4,0.117,0.68,Medium
1778,145.88,0,46.89,114,0,0.113,0.0,Low
642,120.61,7,34.82,70,7,0.156,0.8,Medium
2201,76.98,11,74.05,95,9,0.329,0.92,High
1194,117.76,4,66.23,130,4,0.193,0.48,Medium
2418,75.21,15,64.62,81,9,0.264,1.14,High
1075,138.49,2,63.25,146,2,0.104,0.53,Low
1837,131.54,2,42.88,94,1,0.014,0.42,Low
1926,79.89,16,72.85,97,11,0.334,0.98,High
568,156.47,2,74.39,194,3,0.112,0.52,Low
2190,130.79,6,32.57,71,0,0.126,0.71,Medium
548,86.05,15,55.09,79,9,0.263,1.27,High
177,103.8,16,48.55,84,4,0.423,0.71,High
802,75.12,13,47.93,60,9,0.258,0.97,High
54,77.13,10,46.68,60,8,0.298,1.11,High
2663,125.7,2,59.66,125,0,0.083,0.37,Low
2544,63.52,10,81.23,86,12,0.194,0.82,High
1173,119.91,5,69.05,138,8,0.136,0.55,Medium
1524,110.76,7,70.42,130,5,0.207,0.88,Medium
438,123.3,9,62.29,128,8,0.127,0.72,Medium
1353,111.3,7,72.24,134,7,0.131,0.76,Medium
294,124.49,5,34.22,71,1,0.137,0.65,Medium
2776,86.55,13,58.93,85,4,0.31,1.35,High
723,97.31,12,64.12,104,12,0.289,1.49,High
372,164.05,2,53.76,147,1,0.053,0.43,Low
638,139.85,3,63.07,147,2,0.088,0.38,Low
1216,154.58,4,74.91,193,1,0.119,0.47,Low
2698,146.73,3,53.57,131,2,0.088,0.46,Low
2028,109.66,6,50.89,93,7,0.176,0.68,Medium
437,106.25,6,44.05,78,6,0.18,0.67,Medium
1873,138.75,1,41.51,96,1,0.088,0.51,Low
716,122.28,7,37.78,77,1,0.138,0.62,Medium
1706,153.73,4,56.59,145,1,0.079,0.35,Low
1981,73.64,10,47.25,58,6,0.316,1.15,High
1377,75.15,10,54.29,68,6,0.351,1.57,High
521,157.63,2,45.68,120,0,0.111,0.34,Low
1302,153.41,0,44.98,115,0,0.054,0.0,Low
711,127.54,6,45.63,97,2,0.129,0.75,Medium
2989,74.31,12,61.36,76,5,0.264,1.2,High
993,114.93,4,54.29,104,5,0.143,0.72,Medium
461,132.97,6,46.02,102,3,0.163,0.71,Medium
2119,56.95,9,44.25,42,6,0.253,0.64,High
1382,119.45,5,64.8,129,4,0.198,0.56,Medium
670,117.41,6,44.97,88,0,0.168,0.69,Medium
2437,85.32,10,35.87,51,9,0.314,1.05,High
488,65.54,10,62.25,68,8,0.313,1.44,High
1281,158.17,3,61.83,163,0,0.042,0.31,Low
2938,88.38,9,54.31,80,10,0.444,0.93,High
210,64.5,16,56.75,61,5,0.448,1.49,High
1997,132.34,3,60.75,134,3,0.081,0.51,Low
881,82.84,9,70.26,97,12,0.359,1.25,High
238,124.24,8,43.46,90,2,0.076,0.77,Medium
1070,124.54,6,38.54,80,5,0.19,0.51,Medium
1176,121.9,4,47.25,96,1,0.19,0.63,Medium
2751,82.12,10,65.03,89,7,0.403,1.12,High
626,88.07,10,48.37,71,2,0.323,1.08,High
1900,84.32,10,47.67,67,5,0.286,1.37,High
868,75.26,10,58.2,73,9,0.351,0.85,High
1169,119.72,5,55.63,111,1,0.114,0.87,Medium
175,50.27,9,44.16,37,4,0.325,1.4,High
2081,115.52,4,44.15,85,1,0.128,0.69,Medium
1810,76.61,13,50.91,65,12,0.348,1.28,High
1815,125.01,5,38.4,80,2,0.156,0.73,Medium
1259,119.62,6,51.16,102,2,0.137,0.63,Medium
539,129.14,5,42.28,91,4,0.112,0.75,Medium
1639,115.72,3,68.96,133,1,0.212,0.56,Medium
2263,82.61,10,43.58,60,6,0.312,1.19,High
2719,99.22,8,58.66,97,10,0.296,1.12,High
290,149.07,1,65.61,163,1,0.044,0.43,Low
743,139.24,3,34.47,80,1,0.112,0.31,Low
172,78.49,11,48.92,64,4,0.327,1.37,High
2187,138.23,7,65.98,152,4,0.133,0.72,Medium
726,134.42,6,54.46,122,4,0.182,0.63,Medium
1319,83.87,11,75.83,106,11,0.198,0.98,High
1772,151.13,3,60.34,152,2,0.108,0.4,Low
1814,71.32,16,74.03,88,13,0.295,1.51,High
641,117.7,5,47.92,94,2,0.161,0.65,Medium
408,82.24,7,32.83,45,2,0.242,1.34,High
794,164.86,1,56.05,154,0,0.085,0.43,Low
2349,136.67,1,80.78,184,2,0.128,0.35,Low
2640,149.95,1,50.42,126,1,0.079,0.41,Low
1035,119.56,8,67.24,134,4,0.185,0.78,Medium
1711,149.0,3,62.82,156,1,0.1,0.45,Low
1293,135.74,3,61.88,140,2,0.153,0.97,Medium
6,114.97,3,50.1,96,1,0.222,0.73,Medium
564,163.77,0,78.03,213,2,0.152,0.0,Low
921,75.63,13,76.96,97,11,0.332,1.47,High
2656,65.76,9,31.94,35,0,0.387,1.57,High
1274,162.69,4,45.36,123,1,0.055,0.37,Low
220,80.28,11,44.1,59,6,0.342,1.36,High
2355,158.09,2,42.13,111,2,0.068,0.51,Low
2954,119.87,5,54.06,108,1,0.192,0.61,Medium
2223,135.84,2,44.61,101,0,0.028,0.46,Low
1346,116.81,5,48.28,94,1,0.138,0.9,Medium
1421,131.21,1,54.87,120,1,0.067,0.53,Low
420,180.53,1,54.17,163,2,0.046,0.39,Low
779,148.05,3,65.65,162,3,0.116,0.46,Low
287,154.12,1,58.39,150,4,0.086,0.46,Low
2393,73.6,12,85.6,105,14,0.378,1.09,High
2091,113.85,4,60.6,115,6,0.226,0.63,Medium
589,147.82,1,62.51,154,0,0.033,0.47,Low
2714,119.16,5,63.44,126,6,0.09,0.93,Medium
861,102.38,9,23.44,40,6,0.272,1.45,High
1451,127.24,7,49.04,104,3,0.124,0.71,Medium
51,114.96,6,36.01,69,6,0.157,0.75,Medium
1066,122.86,6,40.05,82,8,0.208,0.62,Medium
2584,132.45,6,59.8,132,1,0.122,0.59,Medium
1688,147.08,4,74.65,183,1,0.087,0.46,Low
1163,110.18,5,27.23,50,2,0.145,0.69,Medium
2917,68.61,11,44.6,51,6,0.287,0.79,High
2982,91.08,8,56.65,86,10,0.245,1.3,High
1605,123.34,6,41.84,86,1,0.22,0.64,Medium
2936,118.26,5,55.81,110,2,0.14,0.67,Medium
1479,115.29,6,43.72,84,1,0.175,0.83,Medium
2300,144.16,2,62.85,151,0,0.087,0.46,Low
1932,89.09,10,45.79,68,7,0.445,0.97,High
1183,135.53,2,65.08,147,1,0.097,0.45,Low
2212,124.03,3,61.44,127,2,0.131,0.43,Low
1935,152.32,2,61.06,155,1,0.041,0.42,Low
1084,155.44,3,43.62,113,0,0.102,0.58,Low
2812,154.81,1,60.46,156,2,0.036,0.52,Low
223,156.0,5,20.0,52,0,0.073,0.33,Low
665,174.31,1,59.55,173,3,0.092,0.44,Low
1350,72.18,9,81.47,98,12,0.381,0.66,High
1722,144.35,2,51.13,123,3,0.085,0.51,Low
784,152.57,0,59.38,151,0,0.08,0.0,Low
975,93.68,11,50.6,79,9,0.304,1.56,High
1862,140.6,4,64.87,152,0,0.097,0.55,Low
750,149.43,2,80.71,201,1,0.113,0.33,Low
1954,80.23,13,21.69,29,7,0.372,0.41,High
2991,118.44,6,43.56,86,2,0.107,0.49,Medium
858,106.76,5,67.44,120,3,0.128,0.59,Medium
1233,122.08,6,50.13,102,7,0.157,0.65,Medium
1442,148.95,3,56.4,140,1,0.053,0.55,Low
854,76.89,16,57.74,74,8,0.405,1.37,High
2447,76.76,9,34.39,44,6,0.376,1.1,High
951,116.16,5,67.15,130,6,0.147,0.75,Medium
619,137.92,2,46.11,106,0,0.036,0.51,Low
1235,143.85,2,65.48,157,2,0.045,0.38,Low
514,112.14,4,35.85,67,3,0.131,0.52,Medium
724,134.36,1,33.49,75,4,0.063,0.45,Low
1818,73.75,13,30.1,37,3,0.361,1.07,High
267,77.96,9,42.33,55,4,0.364,1.61,High
961,135.15,2,41.29,93,1,0.086,0.39,Low
2607,143.31,2,73.27,175,3,0.084,0.43,Low
1893,79.77,13,45.13,60,8,0.31,1.49,High
1746,109.49,5,42.19,77,2,0.195,0.71,Medium
232,112.19,4,60.44,113,1,0.14,0.69,Medium
1127,161.31,2,45.01,121,1,0.119,0.41,Low
2829,96.06,13,45.6,73,5,0.402,0.93,High
2144,149.64,1,71.37,178,3,0.116,0.41,Low
2854,106.29,5,64.35,114,0,0.203,0.67,Medium
973,157.95,2,71.8,189,1,0.083,0.57,Low
2768,109.93,5,46.94,86,5,0.134,0.91,Medium
2262,125.46,5,61.21,128,5,0.159,0.82,Medium
1407,114.66,4,40.29,77,1,0.198,0.71,Medium
347,92.96,13,45.18,70,6,0.262,1.36,High
2569,156.39,2,65.99,172,3,0.027,0.4,Low
780,154.04,2,58.43,150,0,0.056,0.53,Low
1806,104.49,7,57.99,101,2,0.136,0.5,Medium
2340,146.78,1,70.31,172,2,0.01,0.42,Low
710,87.02,18,60.68,88,7,0.195,1.67,High
760,159.38,4,77.55,206,4,0.084,0.41,Low
2487,147.25,1,54.19,133,1,0.047,0.51,Low
1844,161.08,0,53.27,143,3,0.105,0.0,Low
1100,99.48,6,39.2,65,4,0.155,0.67,Medium
1342,152.27,2,42.16,107,2,0.057,0.52,Low
781,159.2,3,41.08,109,0,0.049,0.46,Low
785,123.8,5,64.94,134,4,0.153,0.66,Medium
1929,122.21,6,43.21,88,1,0.134,0.82,Medium
2721,173.51,3,83.68,242,2,0.104,0.38,Low
2318,129.12,1,49.72,107,1,0.021,0.53,Low
2003,86.34,12,66.02,95,14,0.265,1.19,High
482,163.75,3,61.92,169,0,0.097,0.54,Low
448,74.36,13,77.47,96,9,0.352,1.36,High
1303,155.32,2,60.65,157,2,0.073,0.41,Low
76,166.07,1,45.52,126,1,0.134,0.45,Low
512,159.37,3,43.3,115,3,0.123,0.5,Low
1557,153.26,2,68.51,175,2,0.077,0.47,Low
356,170.52,2,23.93,68,0,0.055,0.53,Low
1255,140.02,1,65.99,154,0,0.058,0.44,Low
2142,138.72,1,58.82,136,3,0.047,0.57,Low
1618,151.05,1,70.7,178,5,0.09,0.41,Low
2105,105.22,5,73.56,129,7,0.159,0.74,Medium
2274,93.67,8,67.25,105,8,0.442,0.94,High
21,161.02,0,80.49,216,5,0.047,0.0,Low
484,74.01,9,70.53,87,16,0.354,1.23,High
2145,175.68,0,48.84,143,1,0.052,0.0,Low
2184,123.28,5,70.08,144,6,0.175,0.72,Medium
1745,90.96,10,58.05,88,6,0.418,1.0,High
916,115.36,5,22.37,43,0,0.125,0.91,Medium
1383,126.61,1,59.71,126,1,0.082,0.55,Low
865,160.52,0,53.08,142,0,0.048,0.0,Low
1796,121.73,5,44.36,90,2,0.175,0.75,Medium
586,128.64,5,39.64,85,3,0.181,0.68,Medium
2442,86.42,11,43.05,62,16,0.431,1.46,High
345,145.57,3,49.46,120,2,0.082,0.52,Low
1723,81.26,9,59.81,81,8,0.329,1.21,High
1056,68.85,12,40.08,46,3,0.291,1.18,High
1503,150.57,2,63.36,159,1,0.099,0.49,Low
277,86.84,11,57.35,83,11,0.19,1.18,High
107,112.55,7,63.97,120,3,0.131,0.62,Medium
2149,84.93,14,75.59,107,15,0.241,1.65,High
1708,108.28,5,58.18,105,6,0.193,0.87,Medium
2124,90.29,12,37.88,57,7,0.473,1.27,High
189,112.12,7,43.88,82,3,0.141,0.67,Medium
392,133.8,6,34.53,77,3,0.208,0.45,Medium
2066,119.72,6,77.68,155,5,0.155,0.83,Medium
2884,175.36,2,47.56,139,1,0.052,0.38,Low
1725,119.91,6,52.04,104,6,0.187,0.64,Medium
2466,83.7,13,70.25,98,8,0.192,1.09,High
837,144.0,5,20.0,48,1,0.064,0.48,Low
1615,137.9,2,53.95,124,0,0.083,0.46,Low
2671,97.64,10,37.48,61,4,0.358,0.93,High
1483,159.2,2,45.98,122,2,0.088,0.53,Low
1601,132.74,5,48.82,108,3,0.234,0.69,Medium
2329,111.27,5,57.7,107,6,0.113,0.84,Medium
2986,149.42,2,37.34,93,0,0.093,0.47,Low
869,90.74,12,60.17,91,6,0.363,1.35,High
774,121.04,7,60.97,123,2,0.147,0.74,Medium
2413,120.69,5,52.7,106,2,0.195,0.84,Medium
2961,129.56,4,54.18,117,1,0.148,0.67,Medium
1130,115.61,6,47.75,92,1,0.163,0.72,Medium
969,121.52,6,42.46,86,4,0.139,0.58,Medium
301,156.62,1,45.97,120,0,0.054,0.4,Low
2113,74.46,14,78.97,98,9,0.349,0.78,High
1039,147.35,2,71.67,176,2,0.052,0.39,Low
1756,92.94,11,75.53,117,7,0.428,0.94,High
2611,86.16,10,39.69,57,1,0.377,1.14,High
1709,77.3,9,51.23,66,2,0.283,1.2,High
493,79.24,9,38.62,51,7,0.204,1.32,High
625,89.33,10,56.42,84,7,0.338,1.31,High
667,77.25,12,66.79,86,9,0.377,1.57,High
2859,134.51,3,72.71,163,1,0.082,0.55,Low
2531,150.94,1,78.31,197,1,0.039,0.43,Low
2501,150.27,2,61.89,155,2,0.101,0.54,Low
1544,127.68,5,46.52,99,4,0.154,0.55,Medium
2608,149.61,0,59.75,149,3,0.01,0.0,Low
874,82.09,11,47.51,65,6,0.207,1.37,High
1469,150.86,2,50.91,128,1,0.121,0.46,Low
2990,85.54,14,35.77,51,6,0.315,1.31,High
1111,61.14,8,66.73,68,6,0.359,1.39,High
2195,74.87,7,67.32,84,11,0.273,0.64,High
1555,91.08,5,71.8,109,9,0.296,1.37,High
1803,117.88,6,59.55,117,7,0.176,0.68,Medium
2474,154.63,1,52.77,136,3,0.099,0.51,Low
2820,132.19,6,53.56,118,5,0.232,0.75,Medium
2759,126.47,5,57.41,121,8,0.161,0.58,Medium
1477,137.41,0,59.39,136,2,0.067,0.0,Low
2036,85.22,11,78.15,111,11,0.323,1.36,High
2602,165.98,2,63.62,176,3,0.057,0.38,Low
2893,141.7,2,41.92,99,2,0.048,0.41,Low
1791,174.96,2,56.93,166,2,0.136,0.47,Low
2775,150.12,2,75.14,188,2,0.122,0.64,Low
2295,98.27,10,48.23,79,10,0.37,1.49,High
1838,152.55,2,64.5,164,3,0.039,0.5,Low
1156,130.43,0,51.52,112,1,0.091,0.0,Low
2654,157.34,2,52.62,138,3,0.08,0.46,Low
1441,117.67,5,53.03,104,2,0.181,0.58,Medium
2652,117.77,3,46.87,92,3,0.188,0.56,Medium
509,57.29,6,46.08,44,9,0.362,0.75,High
2481,67.72,16,54.04,61,9,0.335,1.35,High
2970,96.26,6,70.43,113,9,0.401,0.59,High
2515,157.68,2,55.17,145,1,0.077,0.5,Low
2026,64.04,12,41.22,44,8,0.296,1.6,High
411,114.96,6,36.54,70,1,0.194,0.64,Medium
2940,152.3,2,32.7,83,2,0.102,0.34,Low
2288,147.44,2,42.73,105,0,0.089,0.36,Low
2424,75.51,8,57.21,72,8,0.337,1.33,High
1620,156.42,1,63.67,166,2,0.108,0.39,Low
480,124.08,5,54.64,113,3,0.099,0.77,Medium
2666,84.33,8,43.4,61,11,0.296,1.17,High
96,151.0,3,43.31,109,1,0.055,0.44,Low
2505,150.21,2,69.9,175,3,0.076,0.31,Low
2959,131.53,5,50.18,110,3,0.096,0.72,Medium
950,131.84,4,56.89,125,5,0.148,0.68,Medium
1531,99.58,5,38.56,64,2,0.208,0.83,Medium
2539,98.22,10,48.26,79,7,0.338,1.68,High
1942,75.38,13,43.78,55,6,0.226,1.08,High
1594,78.63,12,53.41,70,8,0.358,1.16,High
1700,125.28,7,49.81,104,1,0.148,0.68,Medium
1968,65.82,11,68.37,75,6,0.263,1.55,High
2125,124.19,7,65.22,135,6,0.24,0.82,Medium
1245,83.11,14,57.76,80,9,0.222,1.44,High
1576,162.6,2,63.84,173,0,0.044,0.31,Low
1017,142.88,2,63.83,152,3,0.074,0.42,Low
284,120.23,2,64.38,129,1,0.117,0.62,Low
1204,162.54,1,31.75,86,0,0.049,0.38,Low
460,152.52,2,69.63,177,1,0.075,0.31,Low
1447,69.12,14,54.69,63,7,0.384,1.04,High
1793,121.62,6,66.11,134,5,0.149,0.93,Medium
770,80.98,10,51.86,70,6,0.219,1.49,High
655,80.85,10,49.72,67,11,0.269,1.27,High
1667,84.63,14,41.83,59,3,0.295,1.31,High
876,178.02,2,41.46,123,2,0.12,0.39,Low
2895,160.28,1,34.44,92,1,0.05,0.69,Low
1140,93.58,10,41.67,65,10,0.317,1.4,High
1464,160.02,2,42.75,114,1,0.075,0.5,Low
31,119.31,6,36.21,72,1,0.137,0.81,Medium
1749,94.08,8,74.62,117,13,0.292,1.21,High
83,165.66,2,74.25,205,1,0.111,0.41,Low
691,69.4,16,42.37,49,5,0.326,1.2,High
2690,98.42,5,35.36,58,8,0.383,1.33,High
629,131.23,7,40.69,89,3,0.167,0.89,Medium
2750,116.52,7,58.7,114,3,0.153,0.76,Medium
763,147.93,2,68.55,169,2,0.09,0.47,Low
2408,142.53,1,42.52,101,0,0.074,0.49,Low
2557,131.5,6,73.92,162,2,0.094,0.58,Medium
536,77.45,9,35.64,46,2,0.294,1.39,High
2361,161.96,3,46.31,125,1,0.12,0.44,Low
2139,84.02,15,54.98,77,15,0.401,1.57,High
811,156.44,0,41.42,108,2,0.02,0.0,Low
2121,161.85,4,69.69,188,0,0.022,0.43,Low
2351,91.45,9,59.7,91,6,0.334,1.14,High
1592,73.82,8,40.64,50,4,0.406,1.26,High
985,66.32,12,53.38,59,12,0.298,1.8,High
2488,80.66,10,52.81,71,4,0.322,1.42,High
1036,112.6,4,64.47,121,6,0.205,0.67,Medium
2521,82.69,12,41.36,57,5,0.391,0.97,High
2542,82.81,16,62.31,86,6,0.274,0.92,High
317,143.89,2,78.81,189,1,0.073,0.48,Low
680,122.85,6,70.82,145,7,0.15,0.49,Medium
1636,66.13,10,51.72,57,6,0.321,1.14,High
628,120.71,7,66.61,134,3,0.109,0.51,Medium
1648,94.91,10,54.37,86,8,0.203,1.09,High
95,113.85,5,62.19,118,2,0.154,0.61,Medium
305,69.02,13,42.6,49,6,0.361,1.51,High
1354,73.16,12,60.69,74,10,0.464,1.53,High
5,70.15,7,51.32,60,7,0.24,1.46,High
2987,112.41,5,91.27,171,7,0.207,0.59,Medium
388,138.97,1,47.06,109,1,0.058,0.45,Low
2973,72.09,9,75.74,91,13,0.258,1.24,High
1543,67.06,11,42.05,47,8,0.285,0.95,High
2106,135.5,5,82.36,186,7,0.111,0.62,Medium
399,154.72,4,56.62,146,3,0.06,0.41,Low
2313,78.57,9,45.82,60,3,0.239,0.97,High
749,110.78,6,54.16,100,1,0.155,0.68,Medium
2132,85.84,11,69.2,99,7,0.306,1.17,High
2291,133.2,6,41.44,92,5,0.202,0.84,Medium
2910,82.47,13,79.3,109,14,0.378,1.75,High
1658,53.79,9,68.04,61,9,0.38,1.12,High
731,64.95,13,49.88,54,7,0.378,1.31,High
1634,159.78,2,58.21,155,1,0.051,0.46,Low
122,118.37,3,46.13,91,1,0.191,0.69,Medium
925,57.89,12,86.02,83,9,0.305,1.13,High
2527,131.38,5,74.44,163,4,0.183,0.75,Medium
1785,159.44,1,63.22,168,2,0.142,0.46,Low
1776,84.91,10,80.56,114,11,0.271,1.01,High
2196,80.43,9,44.02,59,4,0.36,1.43,High
1289,176.48,2,54.4,160,1,0.095,0.46,Low
1865,87.57,9,95.92,140,17,0.486,0.98,High
2736,158.19,3,98.24,259,3,0.052,0.51,Low
2722,108.82,5,46.31,84,4,0.177,0.57,Medium
1659,115.05,7,67.27,129,2,0.18,0.82,Medium
1247,152.07,4,81.67,207,2,0.084,0.44,Low
2320,148.65,3,60.14,149,2,0.065,0.32,Low
620,133.85,1,31.38,70,1,0.091,0.37,Low
1488,138.25,0,49.91,115,3,0.052,0.0,Low
877,120.22,4,29.94,60,3,0.159,0.73,Medium
2888,97.29,12,47.48,77,5,0.218,0.98,High
1506,80.76,10,50.52,68,10,0.303,1.61,High
2304,107.51,4,54.69,98,3,0.171,0.78,Medium
2518,140.91,4,45.99,108,4,0.145,0.63,Medium
2006,109.82,4,39.88,73,2,0.143,0.57,Medium
2765,90.63,10,48.99,74,13,0.362,1.41,High
983,90.75,16,29.09,44,5,0.353,1.98,High
1940,135.99,2,72.36,164,3,0.091,0.44,Low
1335,129.04,5,63.7,137,2,0.154,0.68,Medium
2720,159.13,1,35.44,94,1,0.109,0.56,Low
2582,157.32,3,63.69,167,1,0.113,0.31,Low
1917,129.83,6,61.93,134,7,0.136,0.62,Medium
1278,136.2,1,52.42,119,0,0.132,0.48,Low
1982,156.3,3,61.42,160,0,0.107,0.63,Low
131,89.19,9,74.68,111,9,0.388,1.25,High
2189,85.46,12,40.02,57,4,0.267,0.8,High
300,168.53,2,30.26,85,0,0.126,0.39,Low
805,123.04,5,84.85,174,6,0.173,0.68,Medium
1568,95.86,8,65.72,105,10,0.49,1.14,High
1320,84.98,7,43.07,61,4,0.336,1.63,High
422,91.18,12,51.33,78,5,0.21,1.17,High
646,98.94,6,33.96,56,1,0.174,0.75,Medium
2529,80.17,10,43.41,58,4,0.41,1.3,High
1213,71.74,12,65.24,78,9,0.185,0.46,High
1279,80.85,14,27.46,37,5,0.366,1.54,High
2904,99.25,15,50.78,84,4,0.323,1.35,High
2916,136.33,1,28.17,64,1,0.047,0.44,Low
654,99.29,9,48.35,80,6,0.253,1.74,High
1179,151.12,1,52.81,133,4,0.067,0.49,Low
1792,70.14,6,50.47,59,5,0.268,1.17,High
2118,88.53,13,61.67,91,5,0.39,0.95,High
1212,157.19,2,61.07,160,1,0.075,0.42,Low
332,119.88,6,52.55,105,0,0.151,0.72,Medium
2781,135.53,2,67.29,152,0,0.063,0.46,Low
903,99.38,11,50.71,84,5,0.387,0.7,High
2087,69.45,3,66.52,77,6,0.317,1.29,High
1403,69.17,11,49.44,57,8,0.228,0.85,High
1181,139.83,1,33.9,79,0,0.13,0.65,Low
558,133.16,3,51.82,115,0,0.06,0.48,Low
24,74.64,14,73.15,91,12,0.382,1.45,High
228,68.16,15,64.26,73,10,0.439,1.09,High
132,113.97,4,65.28,124,1,0.108,0.71,Medium
532,122.46,5,51.94,106,1,0.124,0.8,Medium
1949,86.56,14,69.32,100,11,0.223,0.99,High
823,82.02,10,31.45,43,7,0.341,1.02,High
1899,159.15,1,40.34,107,4,0.062,0.46,Low
2716,68.09,10,44.06,50,9,0.461,0.84,High
360,126.08,8,56.63,119,3,0.131,0.62,Medium
2809,130.97,3,56.35,123,2,0.204,0.6,Medium
1434,77.69,12,71.06,92,11,0.255,1.35,High
1374,119.96,6,44.51,89,2,0.162,0.62,Medium
1080,163.42,1,21.66,59,1,0.087,0.48,Low
2235,141.91,2,62.58,148,1,0.108,0.46,Low
1142,110.65,4,39.58,73,3,0.158,0.82,Medium
2739,92.3,7,46.8,72,8,0.368,0.91,High
348,134.41,1,56.25,126,1,0.104,0.39,Low
2817,119.47,6,81.36,162,6,0.206,0.7,Medium
923,83.08,12,68.61,95,14,0.372,1.09,High
992,152.84,2,60.46,154,0,0.063,0.58,Low
2556,87.19,8,44.04,64,4,0.163,1.33,High
115,144.0,2,71.67,172,4,0.044,0.44,Low
68,127.76,5,55.89,119,6,0.152,0.64,Medium
1105,75.37,10,58.12,73,7,0.312,0.73,High
1560,131.76,2,69.22,152,1,0.072,0.47,Low
2665,161.89,3,48.92,132,1,0.13,0.55,Low
1561,103.43,10,71.93,124,17,0.179,1.99,High
844,78.57,12,65.67,86,12,0.31,1.17,High
1588,127.01,7,61.41,130,3,0.188,0.74,Medium
2760,110.57,6,46.67,86,4,0.128,0.77,Medium
1848,182.19,2,49.73,151,0,0.03,0.4,Low
1642,89.51,15,42.23,63,5,0.351,1.13,High
2030,108.37,5,28.79,52,5,0.136,0.69,Medium
878,66.92,13,78.9,88,6,0.362,1.18,High
2519,122.43,4,40.19,82,0,0.214,0.66,Medium
393,110.16,6,59.37,109,3,0.146,0.7,Medium
2031,117.01,5,56.41,110,2,0.121,0.74,Medium
293,127.6,5,76.17,162,6,0.161,0.63,Medium
1154,124.59,0,70.79,147,2,0.121,0.0,Low
2259,169.59,1,73.94,209,5,0.083,0.45,Low
2535,129.46,1,60.25,130,2,0.131,0.56,Low
377,104.25,5,67.92,118,3,0.189,0.64,Medium
1050,103.67,4,45.72,79,5,0.2,0.79,Medium
376,129.61,5,38.89,84,5,0.146,0.59,Medium
2627,77.35,6,79.89,103,13,0.341,1.14,High
426,149.98,2,46.01,115,2,0.13,0.49,Low
2337,72.62,12,41.31,50,5,0.474,1.69,High
2754,84.45,9,44.76,63,7,0.355,1.63,High
1016,129.81,5,48.53,105,5,0.166,0.75,Medium
2484,85.25,13,44.34,63,7,0.408,1.29,High
1912,155.16,3,62.65,162,4,0.092,0.45,Low
2648,122.66,5,74.35,152,3,0.11,0.71,Medium
1828,87.82,12,66.27,97,6,0.413,0.68,High
2972,165.5,3,50.76,140,2,0.097,0.35,Low
2167,135.81,3,50.37,114,3,0.13,0.5,Low
732,123.16,5,57.49,118,2,0.15,0.53,Medium
2316,82.88,11,54.3,75,8,0.331,1.74,High
2733,122.86,1,70.32,144,5,0.188,0.8,Medium
1201,162.85,3,63.74,173,3,0.05,0.44,Low
765,72.02,11,44.99,54,8,0.358,1.59,High
1153,141.99,3,40.14,95,0,0.052,0.52,Low
1461,176.74,4,53.64,158,1,0.059,0.48,Low
978,91.26,11,46.02,70,3,0.29,1.58,High
1747,160.74,1,62.34,167,0,0.096,0.49,Low
1272,94.56,10,47.59,75,8,0.241,1.04,High
2734,78.4,10,68.12,89,15,0.264,1.55,High
2517,144.9,3,48.45,117,3,0.098,0.47,Low
2928,133.34,6,72.89,162,4,0.206,0.66,Medium
2012,87.76,9,61.53,90,8,0.328,1.14,High
1244,86.4,14,57.64,83,11,0.222,1.09,High
2756,82.53,7,55.25,76,10,0.398,0.95,High
291,69.06,9,85.14,98,12,0.378,1.06,High
1095,76.37,15,88.78,113,10,0.355,1.61,High
2161,156.6,2,62.45,163,2,0.14,0.48,Low
707,135.87,1,40.18,91,1,0.077,0.48,Low
1312,81.15,12,65.06,88,10,0.334,1.21,High
2051,143.66,2,61.39,147,1,0.047,0.42,Low
583,71.13,10,58.2,69,5,0.283,1.52,High
1405,140.89,3,47.7,112,0,0.097,0.5,Low
1895,114.0,5,52.1,99,2,0.185,0.5,Medium
742,127.34,4,70.21,149,7,0.189,0.9,Medium
2937,121.94,4,57.08,116,1,0.191,0.63,Medium
2373,120.31,5,51.37,103,5,0.187,0.68,Medium
2363,152.15,2,84.0,213,4,0.11,0.36,Low
820,148.58,4,50.88,126,0,0.046,0.67,Low
652,138.53,2,63.67,147,3,0.067,0.46,Low
1710,116.59,4,51.98,101,1,0.164,0.63,Medium
181,130.6,1,39.97,87,1,0.096,0.37,Low
2782,147.77,1,36.95,91,3,0.108,0.49,Low
1499,78.78,13,41.13,54,6,0.274,1.36,High
1339,83.11,14,42.59,59,5,0.198,1.23,High
217,138.84,1,52.72,122,2,0.077,0.38,Low
1973,93.14,16,65.71,102,4,0.397,1.31,High
1829,148.52,3,48.48,120,1,0.129,0.39,Low
2830,111.88,6,57.38,107,1,0.153,0.84,Medium
1996,130.56,5,54.69,119,1,0.188,0.83,Medium
1664,129.44,5,72.31,156,4,0.104,0.72,Medium
1356,114.43,6,73.41,140,8,0.18,0.64,Medium
1007,63.73,13,72.5,77,11,0.386,1.48,High
1071,147.69,3,47.53,117,1,0.012,0.37,Low
2010,124.01,6,47.9,99,3,0.184,0.71,Medium
1928,158.31,2,51.92,137,0,0.132,0.39,Low
2599,118.79,3,76.27,151,1,0.014,0.45,Low
822,122.99,3,65.86,135,0,0.081,0.57,Low
1331,164.58,2,69.27,190,2,0.088,0.53,Low
1867,154.9,1,31.76,82,0,0.068,0.36,Low
2122,129.87,7,53.13,115,7,0.14,0.56,Medium
75,173.74,3,68.03,197,2,0.055,0.42,Low
1040,87.45,10,46.66,68,3,0.26,1.57,High
714,117.61,5,55.1,108,2,0.172,0.89,Medium
1669,162.09,0,65.89,178,3,0.108,0.0,Low
1963,148.48,3,31.11,77,0,0.074,0.42,Low
239,90.38,11,69.04,104,7,0.309,1.57,High
2625,170.75,4,82.22,234,1,0.106,0.37,Low
2330,116.4,7,80.93,157,2,0.159,0.75,Medium
2319,107.91,6,39.48,71,7,0.196,0.61,Medium
2896,80.95,10,54.1,73,10,0.35,1.31,High
2670,76.68,12,61.04,78,14,0.222,1.75,High
2590,78.1,11,26.89,35,7,0.153,1.11,High
1067,116.6,7,74.1,144,4,0.157,0.6,Medium
1752,87.12,14,68.18,99,14,0.312,0.76,High
1655,132.64,7,57.9,128,4,0.148,0.83,Medium
612,129.68,1,51.36,111,2,0.103,0.48,Low
2600,128.66,5,57.36,123,1,0.121,0.67,Medium
766,158.26,3,39.81,105,0,0.065,0.55,Low
1480,138.27,6,48.17,111,2,0.149,0.58,Medium
418,154.77,1,46.91,121,1,0.089,0.4,Low
966,124.27,5,55.04,114,1,0.145,0.61,Medium
2647,98.07,8,92.38,151,11,0.186,1.05,High
2926,134.45,2,84.34,189,4,0.093,0.59,Low
2371,159.95,3,57.77,154,2,0.117,0.45,Low
2396,159.15,0,58.43,155,1,0.099,0.0,Low
609,68.48,14,37.67,43,6,0.379,0.83,High
1884,121.57,6,55.28,112,1,0.173,0.74,Medium
1304,74.66,11,51.44,64,4,0.243,1.24,High
1023,160.94,1,79.41,213,2,0.059,0.55,Low
281,106.12,8,81.98,145,7,0.177,0.71,Medium
814,118.0,5,56.44,111,0,0.145,0.73,Medium
1974,90.93,13,60.05,91,7,0.337,1.65,High
2643,98.17,8,50.12,82,9,0.259,0.72,High
2253,146.68,0,59.31,145,2,0.081,0.0,Low
1869,134.87,2,63.62,143,4,0.05,0.57,Low
1845,141.25,5,45.03,106,0,0.105,0.47,Low
880,150.34,2,36.72,92,0,0.114,0.42,Low
2446,105.38,4,88.25,155,7,0.213,0.73,Medium
1334,87.27,8,72.87,106,11,0.241,1.4,High
2617,131.33,7,79.49,174,9,0.121,0.7,Medium
777,111.88,5,74.01,138,5,0.156,0.81,Medium
157,149.24,3,53.47,133,1,0.09,0.35,Low
140,70.8,12,25.43,30,1,0.298,1.01,High
497,140.1,1,55.25,129,1,0.044,0.35,Low
964,81.47,7,64.07,87,11,0.362,1.49,High
464,158.76,0,63.11,167,1,0.137,0.0,Low
325,105.34,5,40.44,71,3,0.16,0.55,Medium
138,123.24,7,30.67,63,1,0.133,0.72,Medium
1082,103.01,5,35.53,61,2,0.149,0.77,Medium
1209,158.28,2,54.21,143,1,0.058,0.39,Low
327,159.4,4,70.39,187,0,0.051,0.63,Low
1813,75.82,14,40.36,51,7,0.359,1.53,High
2492,72.04,8,80.79,97,14,0.337,1.29,High
2861,95.02,4,42.94,68,2,0.141,0.68,Medium
1637,125.59,7,52.55,110,7,0.204,0.46,Medium
2022,148.59,1,28.67,71,1,0.064,0.46,Low
602,164.16,2,77.49,212,3,0.057,0.45,Low
633,102.57,8,42.7,73,8,0.25,0.91,High
1262,109.83,6,51.35,94,6,0.18,0.71,Medium
424,125.67,6,41.54,87,2,0.18,0.57,Medium
1598,117.22,6,38.9,76,3,0.219,0.71,Medium
2169,118.79,6,41.92,83,4,0.208,0.6,Medium
1770,60.77,12,43.44,44,4,0.27,1.15,High
2769,82.58,11,65.39,90,14,0.298,1.3,High
2245,149.59,0,50.54,126,1,0.088,0.0,Low
729,90.15,14,35.28,53,4,0.266,1.15,High
1738,71.85,12,50.1,60,3,0.23,0.99,High
826,107.67,6,37.34,67,4,0.192,0.75,Medium
912,78.28,12,22.99,30,0,0.332,1.24,High
1699,123.48,7,52.48,108,5,0.122,0.72,Medium
2999,127.65,6,45.12,96,1,0.166,0.79,Medium
2965,130.94,2,52.69,115,3,0.05,0.55,Low
832,100.65,5,51.86,87,3,0.148,0.71,Medium
313,137.31,1,65.54,150,2,0.104,0.31,Low
492,131.53,6,24.63,54,2,0.175,0.82,Medium
2342,155.7,2,43.16,112,0,0.057,0.48,Low
1675,123.73,5,57.22,118,3,0.124,0.53,Medium
1500,124.54,6,56.85,118,5,0.166,0.76,Medium
2660,117.95,6,48.33,95,3,0.144,0.64,Medium
2343,162.7,1,54.58,148,1,0.08,0.44,Low
2811,139.52,0,57.62,134,1,0.079,0.0,Low
1230,112.33,6,66.77,125,6,0.174,0.62,Medium
1809,113.7,5,65.43,124,8,0.187,0.72,Medium
2198,163.32,3,46.29,126,0,0.095,0.56,Low
2946,74.47,11,58.01,72,9,0.308,1.4,High
2702,127.42,6,39.55,84,5,0.141,0.76,Medium
47,70.4,8,51.99,61,5,0.337,1.88,High
1178,90.96,11,42.22,64,5,0.28,1.3,High
2872,108.75,5,41.93,76,6,0.123,0.71,Medium
1454,114.33,5,69.8,133,4,0.116,0.72,Medium
2390,125.87,6,76.27,160,5,0.211,0.55,Medium
180,112.82,4,88.82,167,4,0.111,0.73,Medium
1087,74.74,13,65.03,81,8,0.304,1.03,High
1757,148.99,0,41.88,104,2,0.121,0.0,Low
1133,83.74,12,56.6,79,6,0.368,1.01,High
1650,119.58,5,48.67,97,2,0.163,0.57,Medium
1472,138.84,8,53.16,123,7,0.164,0.58,Medium
473,81.63,13,49.25,67,2,0.324,1.33,High
1384,149.0,2,43.09,107,2,0.088,0.38,Low
582,154.54,1,30.67,79,1,0.084,0.41,Low
1771,115.82,7,22.79,44,1,0.197,0.77,Medium
2287,76.67,10,76.7,98,7,0.228,1.14,High
529,128.8,7,56.36,121,6,0.169,0.86,Medium
1704,81.0,3,54.07,73,7,0.356,0.85,High
2787,93.37,11,70.05,109,12,0.428,2.0,High
367,116.25,5,73.29,142,6,0.141,0.69,Medium
2741,77.52,11,46.44,60,6,0.277,0.9,High
1965,112.8,5,48.93,92,5,0.148,0.47,Medium
575,78.51,14,64.96,85,9,0.416,0.76,High
1602,163.17,0,72.44,197,1,0.091,0.0,Low
1797,66.21,10,53.47,59,7,0.222,0.86,High
2070,146.5,1,61.84,151,3,0.123,0.59,Low
498,75.87,10,55.36,70,8,0.24,1.02,High
99,145.32,4,55.33,134,3,0.074,0.48,Low
1937,103.53,7,41.15,71,3,0.45,1.19,High
2868,80.4,10,62.69,84,7,0.282,1.82,High
924,145.67,3,73.32,178,1,0.083,0.42,Low
1875,78.42,7,75.75,99,8,0.207,1.01,High
2971,123.04,5,63.88,131,5,0.193,0.61,Medium
53,138.71,2,46.28,107,2,0.089,0.36,Low
845,153.14,1,43.1,110,1,0.039,0.37,Low
1238,91.57,14,70.77,108,14,0.288,1.25,High
734,90.51,16,62.31,94,7,0.331,1.19,High
476,81.13,5,69.52,94,7,0.348,1.52,High
209,150.5,0,82.92,208,2,0.121,0.0,Low
597,76.91,7,65.53,84,14,0.272,1.3,High
660,76.5,10,34.51,44,5,0.218,1.21,High
1337,80.11,18,40.44,54,4,0.385,1.75,High
2645,114.52,5,59.2,113,5,0.175,0.56,Medium
1318,155.48,0,40.52,105,2,0.057,0.0,Low
1977,114.72,16,84.2,161,12,0.343,1.86,High
1497,69.51,12,62.15,72,7,0.364,0.78,High
2692,92.47,13,59.04,91,7,0.436,1.37,High
421,168.29,3,50.63,142,1,0.074,0.47,Low
979,88.79,14,43.93,65,7,0.433,1.54,High
1492,155.74,4,53.16,138,1,0.082,0.62,Low
266,57.46,11,46.99,45,8,0.413,0.59,High
515,151.44,3,41.6,105,0,0.085,0.5,Low
543,164.17,1,51.9,142,1,0.084,0.33,Low
449,146.51,2,61.84,151,3,0.095,0.53,Low
1415,137.33,5,48.93,112,4,0.133,0.68,Medium
1072,102.76,7,56.05,96,9,0.193,0.98,High
2869,92.84,8,60.1,93,7,0.303,0.95,High
2837,154.81,1,86.82,224,3,0.067,0.48,Low
1315,45.23,10,62.34,47,7,0.399,0.84,High
580,163.99,1,60.0,164,3,0.093,0.38,Low
1368,150.88,4,28.23,71,0,0.064,0.54,Low
2842,87.25,13,41.95,61,5,0.364,1.13,High
264,125.95,5,43.35,91,2,0.127,0.77,Medium
486,69.86,12,65.28,76,6,0.218,1.31,High
2120,126.45,7,53.62,113,3,0.173,0.87,Medium
1478,79.88,11,59.34,79,5,0.439,1.25,High
2244,128.7,7,67.6,145,4,0.152,0.74,Medium
1024,73.98,12,74.61,92,8,0.352,1.13,High
519,124.59,7,69.35,144,5,0.217,0.5,Medium
2176,63.18,13,47.49,50,6,0.242,1.01,High
2477,64.41,8,50.3,54,4,0.383,1.26,High
810,163.83,1,59.33,162,5,0.053,0.61,Low
1150,112.16,6,58.31,109,1,0.164,1.01,Medium
930,88.64,12,31.14,46,3,0.255,1.14,High
2130,165.78,3,28.59,79,0,0.079,0.55,Low
2929,97.07,9,26.58,43,5,0.248,1.23,High
429,149.03,2,59.58,148,1,0.057,0.34,Low
214,88.44,13,51.56,76,3,0.35,1.33,High
364,144.5,2,48.17,116,0,0.049,0.42,Low
1523,57.74,9,43.65,42,7,0.269,0.82,High
722,123.28,7,52.08,107,5,0.176,0.81,Medium
361,62.87,7,69.67,73,8,0.318,1.48,High
1864,85.25,8,66.16,94,8,0.302,1.27,High
1423,92.92,12,78.14,121,8,0.178,0.81,High
2067,137.69,2,74.95,172,5,0.028,0.57,Low
1726,112.83,5,45.2,85,3,0.164,0.91,Medium
1835,78.62,13,73.26,96,12,0.162,0.84,High
490,86.51,12,53.4,77,5,0.293,0.76,High
2350,124.54,5,51.55,107,5,0.177,0.45,Medium
1638,84.46,10,65.35,92,9,0.288,1.03,High
2398,96.9,13,48.92,79,5,0.352,0.97,High
151,129.51,7,54.21,117,0,0.201,0.76,Medium
207,93.42,13,37.89,59,7,0.181,1.02,High
1425,105.18,5,66.74,117,4,0.207,0.64,Medium
1062,119.1,6,42.32,84,0,0.105,0.66,Medium
2566,157.64,4,75.74,199,4,0.082,0.47,Low
632,98.57,11,56.0,92,7,0.282,1.48,High
2911,135.63,4,46.89,106,1,0.093,0.65,Low
2156,95.34,13,47.83,76,5,0.336,1.31,High
94,135.65,4,81.38,184,5,0.186,0.77,Medium
2662,164.4,5,51.46,141,0,0.051,0.37,Low
1574,108.89,7,84.31,153,7,0.145,0.72,Medium
2428,121.96,5,39.36,80,1,0.146,0.62,Medium
282,151.06,1,66.73,168,1,0.103,0.32,Low
1766,113.35,5,77.81,147,8,0.154,0.61,Medium
702,107.56,9,73.63,132,6,0.181,0.66,Medium
1345,99.46,8,40.42,67,3,0.291,1.27,High
394,103.61,5,53.28,92,4,0.132,0.65,Medium
1717,121.73,6,65.06,132,6,0.18,0.69,Medium
86,146.5,3,75.36,184,3,0.078,0.4,Low
2458,65.02,12,46.14,50,10,0.348,0.98,High
425,151.7,1,51.81,131,4,0.079,0.5,Low
1889,90.06,10,78.61,118,9,0.375,1.1,High
167,157.67,2,50.99,134,0,0.029,0.52,Low
882,121.73,8,51.26,104,4,0.134,0.76,Medium
1874,76.72,11,37.54,48,3,0.255,1.01,High
1145,143.89,1,50.46,121,2,0.089,0.59,Low
1525,120.86,6,66.52,134,2,0.175,0.77,Medium
2427,77.89,10,49.3,64,11,0.35,1.18,High
2537,105.41,7,47.81,84,0,0.143,0.44,Medium
489,156.21,3,65.3,170,4,0.089,0.34,Low
2559,68.65,9,91.77,105,14,0.249,1.4,High
2825,120.82,5,58.6,118,4,0.143,0.83,Medium
1652,109.82,7,73.75,135,4,0.153,0.89,Medium
1502,139.22,1,48.7,113,0,0.097,0.54,Low
1041,87.59,9,28.77,42,6,0.382,0.9,High
1975,91.19,8,45.4,69,6,0.327,1.45,High
59,82.9,12,49.94,69,5,0.333,1.33,High
2626,74.01,17,42.97,53,6,0.346,0.95,High
2846,73.81,8,62.59,77,15,0.247,1.72,High
2071,89.5,9,54.3,81,4,0.495,1.34,High
170,136.11,4,32.62,74,0,0.089,0.4,Low
2273,110.74,4,47.68,88,2,0.152,0.65,Medium
412,165.54,3,61.25,169,0,0.113,0.42,Low
453,100.36,7,23.91,40,3,0.419,0.82,High
2546,117.95,4,51.89,102,8,0.171,0.62,Medium
296,81.7,9,65.36,89,1,0.368,1.03,High
1508,120.71,8,60.14,121,9,0.208,0.65,Medium
2942,106.28,5,41.21,73,2,0.166,0.8,Medium
884,120.91,8,55.58,112,4,0.145,0.72,Medium
1055,64.59,10,52.02,56,7,0.362,1.41,High
2029,155.12,0,72.33,187,2,0.065,0.0,Low
2688,122.41,6,60.78,124,3,0.118,0.76,Medium
1619,118.1,6,54.87,108,4,0.124,0.45,Medium
648,144.0,4,45.42,109,0,0.065,0.47,Low
2784,131.5,5,65.25,143,3,0.174,0.66,Medium
1627,162.81,2,65.6,178,2,0.113,0.48,Low
2027,131.47,6,66.63,146,6,0.175,0.93,Medium
92,124.03,5,62.89,130,2,0.174,0.5,Medium
2218,95.76,11,62.66,100,3,0.269,1.58,High
72,63.18,12,57.93,61,12,0.275,0.95,High
2642,125.79,4,24.8,52,2,0.136,0.71,Medium
2308,153.12,1,43.49,111,2,0.11,0.44,Low
1665,68.25,14,61.54,70,14,0.372,0.95,High
1567,94.89,10,28.45,45,4,0.267,1.24,High
1184,81.81,14,63.81,87,5,0.373,1.26,High
1079,80.99,10,60.01,81,14,0.258,1.5,High
2011,80.81,7,82.42,111,14,0.3,1.17,High
1008,140.0,2,55.28,129,2,0.092,0.53,Low
895,107.0,7,77.38,138,3,0.202,0.4,Medium
1285,94.78,14,56.97,90,7,0.307,0.89,High
117,139.71,3,59.27,138,3,0.025,0.53,Low
2822,81.61,13,51.46,70,7,0.255,1.32,High
1131,108.15,5,61.02,110,8,0.179,0.51,Medium
627,152.61,1,42.85,109,0,0.035,0.37,Low
1761,139.55,4,36.98,86,1,0.047,0.68,Low
2821,157.2,0,100.0,262,0,0.055,0.0,Low
1264,156.01,2,51.92,135,0,0.045,0.33,Low
2545,112.87,7,40.93,77,2,0.18,0.71,Medium
7,106.32,4,66.59,118,4,0.184,0.43,Medium
2017,131.62,5,63.82,140,1,0.134,0.66,Medium
1113,113.83,6,46.91,89,3,0.121,0.89,Medium
2956,64.9,13,56.4,61,6,0.402,1.32,High
776,143.23,2,52.78,126,1,0.136,0.35,Low
396,102.81,4,40.27,69,2,0.14,0.94,Medium
1177,115.41,6,46.79,90,0,0.153,0.73,Medium
1117,102.56,7,72.54,124,5,0.168,0.59,Medium
2385,126.15,5,62.78,132,2,0.168,0.72,Medium
2587,160.14,1,63.7,170,1,0.073,0.37,Low
1611,132.58,4,41.18,91,5,0.146,0.75,Medium
176,114.14,5,41.53,79,5,0.187,0.6,Medium
2915,138.38,3,68.51,158,1,0.055,0.43,Low
2082,169.91,2,44.49,126,0,0.011,0.51,Low
1787,81.33,15,30.99,42,5,0.349,1.4,High
1933,151.84,3,74.29,188,2,0.101,0.39,Low
1788,120.53,7,66.71,134,2,0.193,0.79,Medium
917,86.36,8,60.45,87,12,0.384,1.28,High
2305,151.19,2,58.34,147,1,0.073,0.51,Low
2111,140.09,2,69.39,162,0,0.053,0.43,Low
2294,160.52,3,69.9,187,2,0.102,0.45,Low
828,112.24,5,53.99,101,3,0.222,0.65,Medium
1830,111.45,4,48.99,91,1,0.169,0.71,Medium
2324,110.67,5,56.38,104,4,0.213,0.67,Medium
1058,90.19,11,51.22,77,7,0.323,1.34,High
302,125.8,3,30.05,63,2,0.125,0.69,Medium
1878,90.44,13,50.42,76,3,0.317,1.05,High
391,55.82,12,56.97,53,15,0.33,1.4,High
1537,159.94,1,50.27,134,1,0.014,0.43,Low
2522,73.04,6,50.93,62,7,0.099,0.84,High
2173,83.44,10,47.46,66,6,0.356,1.4,High
2849,125.53,4,47.32,99,4,0.171,0.75,Medium
2131,140.4,3,52.99,124,1,0.071,0.52,Low
1952,129.35,7,42.68,92,4,0.197,0.76,Medium
1232,146.06,3,50.12,122,0,0.044,0.43,Low
2275,78.05,14,51.51,67,9,0.288,0.87,High
1577,125.65,4,58.74,123,6,0.208,0.75,Medium
123,143.47,2,39.73,95,1,0.066,0.37,Low
444,122.55,6,65.12,133,5,0.172,0.73,Medium
2210,72.26,12,67.25,81,14,0.287,1.34,High
1371,149.81,1,50.46,126,3,0.099,0.4,Low
1332,105.87,16,48.74,86,6,0.255,1.49,High
1393,82.28,15,95.53,131,14,0.408,1.0,High
2826,122.07,5,29.49,60,2,0.162,0.53,Medium
1744,96.62,11,48.44,78,6,0.241,0.96,High
1811,82.1,14,43.12,59,9,0.281,1.16,High
897,137.7,2,67.97,156,3,0.052,0.36,Low
630,144.08,1,76.62,184,3,0.059,0.32,Low
1206,112.6,10,59.68,112,12,0.292,1.51,High
1631,127.99,6,52.51,112,4,0.149,0.73,Medium
1915,157.33,2,51.1,134,1,0.125,0.47,Low
2516,64.0,8,51.56,55,5,0.393,1.56,High
2834,73.0,13,75.61,92,11,0.336,1.12,High
2140,87.44,14,45.97,67,12,0.259,1.29,High
2072,165.1,2,69.05,190,4,0.073,0.5,Low
256,76.92,14,76.44,98,14,0.362,1.39,High
1143,86.02,5,48.83,70,4,0.382,1.16,High
1282,94.72,9,67.14,106,7,0.407,0.99,High
1252,87.99,11,70.24,103,11,0.42,1.28,High
2603,110.32,4,85.39,157,2,0.148,0.84,Medium
2632,150.53,5,22.32,56,0,0.057,0.52,Low
121,68.18,14,39.6,45,8,0.276,0.98,High
2679,176.36,1,36.4,107,2,0.078,0.4,Low
196,51.38,10,71.23,61,9,0.298,1.52,High
2962,118.3,7,20.29,40,1,0.157,0.81,Medium
1006,89.0,11,57.98,86,11,0.233,1.27,High
340,123.16,4,52.13,107,5,0.163,0.6,Medium
2204,85.69,10,59.52,85,7,0.316,1.02,High
775,151.95,2,58.83,149,5,0.099,0.41,Low
2655,85.18,8,58.46,83,5,0.359,1.28,High
2281,167.3,3,43.4,121,1,0.067,0.49,Low
1743,147.64,2,32.51,80,2,0.105,0.51,Low
2377,137.38,2,56.34,129,0,0.046,0.34,Low
2922,162.86,1,29.47,80,2,0.17,0.53,Low
2143,137.83,0,44.84,103,0,0.05,0.0,Low
236,108.04,6,62.76,113,5,0.197,0.69,Medium
243,79.42,8,49.86,66,3,0.34,1.38,High
261,116.1,5,61.5,119,5,0.11,0.82,Medium
2471,156.18,1,42.64,111,1,0.104,0.44,Low
1160,140.45,3,51.69,121,1,0.067,0.48,Low
2052,81.68,12,53.62,73,10,0.182,0.91,High
2560,154.17,1,55.26,142,0,0.046,0.45,Low
2453,156.19,3,75.68,197,2,0.067,0.43,Low
736,87.71,8,77.3,113,12,0.339,1.79,High
165,113.02,7,63.17,119,3,0.172,0.87,Medium
771,116.04,5,54.81,106,3,0.185,0.6,Medium
2025,153.32,0,54.4,139,2,0.104,0.0,Low
649,161.36,2,79.95,215,1,0.063,0.44,Low
1446,84.37,7,55.47,78,8,0.294,0.9,High
1812,79.76,14,52.66,70,5,0.164,0.94,High
456,139.84,5,47.63,111,0,0.059,0.48,Low
867,151.49,3,62.98,159,4,0.098,0.54,Low
41,154.39,1,74.62,192,1,0.106,0.52,Low
1373,100.15,6,49.73,83,6,0.245,1.07,High
1077,122.1,6,74.69,152,9,0.145,0.72,Medium
370,69.72,13,39.59,46,6,0.337,1.37,High
2873,79.3,14,46.15,61,9,0.322,1.08,High
2089,131.32,6,37.92,83,2,0.225,0.92,Medium
2552,116.34,5,92.83,180,6,0.14,0.77,Medium
2279,82.28,4,24.07,33,5,0.361,1.24,High
495,134.72,5,53.89,121,3,0.191,0.75,Medium
2555,115.46,5,55.09,106,2,0.148,0.57,Medium
253,154.71,1,55.85,144,1,0.136,0.45,Low
1944,144.56,2,26.98,65,0,0.093,0.51,Low
1046,124.88,3,55.73,116,1,0.15,0.85,Medium
643,109.36,5,63.64,116,5,0.124,0.7,Medium
2499,118.61,5,69.3,137,6,0.179,0.62,Medium
1816,83.33,12,76.32,106,9,0.301,1.04,High
954,75.94,14,49.77,63,13,0.281,0.82,High
541,85.24,13,41.53,59,3,0.367,1.0,High
674,77.21,10,26.42,34,5,0.456,1.27,High
2055,63.72,12,44.26,47,7,0.418,1.18,High
2906,92.24,12,55.94,86,8,0.399,1.6,High
605,110.39,6,22.29,41,2,0.15,0.51,Medium
1759,120.21,7,42.43,85,4,0.149,0.74,Medium
833,156.75,1,45.93,120,3,0.092,0.4,Low
753,134.79,6,20.92,47,4,0.156,0.78,Medium
653,77.84,16,70.92,92,10,0.203,1.3,High
2197,148.18,1,59.52,147,1,0.08,0.5,Low
2699,93.0,10,20.0,31,1,0.288,1.64,High
2238,115.73,5,67.91,131,6,0.114,0.86,Medium
2108,100.78,15,66.68,112,13,0.538,1.2,High
2723,131.19,10,43.9,96,2,0.191,0.84,Medium
2674,82.84,12,63.01,87,8,0.459,0.96,High
1450,128.07,5,53.41,114,3,0.183,0.77,Medium
2553,84.59,13,65.96,93,8,0.383,1.63,High
1151,109.22,4,67.02,122,2,0.172,0.7,Medium
607,147.28,2,27.7,68,1,0.091,0.46,Low
1215,58.68,10,53.17,52,5,0.336,1.27,High
475,70.53,12,73.16,86,4,0.406,1.27,High
272,136.21,5,51.98,118,4,0.192,0.8,Medium
2325,125.63,2,39.64,83,2,0.203,0.65,Medium
255,69.92,11,78.95,92,12,0.326,1.38,High
1530,95.13,16,41.0,65,6,0.313,1.14,High
2955,77.14,10,36.56,47,3,0.3,0.85,High
80,74.98,10,47.21,59,5,0.407,1.28,High
1871,72.37,15,77.93,94,10,0.342,1.15,High
357,74.7,10,61.84,77,19,0.228,1.37,High
2280,161.96,2,43.72,118,0,0.093,0.34,Low
518,139.45,2,30.98,72,0,0.089,0.58,Low
1026,169.38,2,46.4,131,1,0.088,0.45,Low
278,136.84,6,48.23,110,2,0.166,0.92,Medium
686,84.6,11,34.75,49,4,0.336,1.05,High
2844,122.29,4,56.92,116,3,0.212,0.6,Medium
82,130.03,5,23.99,52,1,0.174,0.78,Medium
911,82.1,7,76.01,104,7,0.354,1.78,High
2853,111.21,5,73.91,137,10,0.151,0.63,Medium
1191,85.19,12,33.81,48,2,0.24,1.42,High
1149,96.48,12,45.4,73,6,0.367,1.21,High
244,117.13,6,47.13,92,2,0.206,0.75,Medium
1624,104.19,12,30.52,53,4,0.336,1.24,High
1630,78.62,13,77.84,102,14,0.358,1.4,High
572,141.45,3,75.93,179,3,0.071,0.32,Low
795,128.93,6,43.74,94,0,0.17,0.98,Medium
2099,140.27,1,60.31,141,0,0.13,0.52,Low
1227,81.42,11,53.79,73,7,0.331,0.83,High
168,105.72,16,43.13,76,4,0.323,1.42,High
1099,75.72,14,56.26,71,7,0.187,1.09,High
611,79.07,10,40.98,54,6,0.305,0.85,High
786,146.92,2,39.21,96,1,0.108,0.61,Low
1394,155.24,2,80.39,208,1,0.108,0.51,Low
853,90.47,13,42.45,64,7,0.335,0.99,High
2129,89.0,12,51.91,77,9,0.177,1.35,High
594,145.48,4,53.2,129,1,0.114,0.84,Medium
1459,128.86,5,72.64,156,1,0.156,0.44,Medium
395,86.86,13,62.17,90,11,0.202,1.62,High
517,165.44,1,43.52,120,0,0.112,0.46,Low
229,116.38,6,70.63,137,6,0.124,0.58,Medium
186,118.74,2,72.26,143,2,0.103,0.36,Low
190,119.37,3,72.88,145,3,0.198,0.65,Medium
725,129.98,6,57.24,124,4,0.148,0.66,Medium
1697,120.52,5,69.2,139,4,0.105,0.86,Medium
1733,126.05,5,42.84,90,4,0.136,0.64,Medium
2296,137.4,1,100.0,229,3,0.091,0.48,Low
816,58.9,9,55.01,54,9,0.387,1.28,High
1732,67.81,12,57.51,65,6,0.356,1.05,High
2947,98.74,7,40.1,66,7,0.28,1.48,High
1439,106.6,6,53.47,95,6,0.151,0.54,Medium
919,112.87,6,55.82,105,5,0.199,0.75,Medium
1378,140.1,2,68.95,161,2,0.098,0.52,Low
712,116.78,9,69.87,136,4,0.133,0.63,Medium
2524,127.51,6,70.58,150,6,0.149,1.0,Medium
1473,147.77,2,54.82,135,0,0.114,0.53,Low
1348,134.0,5,44.77,100,2,0.199,0.51,Medium
445,67.37,10,73.92,83,11,0.315,1.74,High
1894,112.2,5,59.89,112,2,0.118,0.59,Medium
782,118.96,5,59.52,118,2,0.161,0.69,Medium
129,150.96,2,70.75,178,0,0.056,0.41,Low
995,97.12,15,52.51,85,13,0.324,1.25,High
927,127.52,2,53.64,114,3,0.196,0.72,Medium
904,164.0,1,60.37,165,3,0.121,0.44,Low
2450,126.4,4,54.11,114,8,0.177,0.61,Medium
1526,53.93,19,63.41,57,12,0.306,1.52,High
2848,180.71,2,44.82,135,3,0.081,0.42,Low
1715,161.74,4,54.16,146,1,0.135,0.48,Low
778,97.23,8,66.03,107,3,0.186,1.56,High
1139,142.27,1,72.96,173,1,0.05,0.44,Low
1330,115.69,6,63.79,123,4,0.164,0.54,Medium
1306,114.89,7,52.22,100,3,0.181,0.56,Medium
1029,156.03,4,78.45,204,3,0.107,0.45,Low
2737,73.84,15,49.57,61,3,0.212,0.85,High
1449,122.17,4,86.93,177,5,0.149,0.63,Medium
2713,150.98,2,81.47,205,2,0.01,0.5,Low
1361,151.24,4,58.32,147,1,0.03,0.43,Low
2939,140.15,2,79.2,185,1,0.092,0.51,Low
2128,88.31,13,40.08,59,5,0.269,1.12,High
2112,79.45,13,61.93,82,13,0.467,0.65,High
2217,128.79,6,41.0,88,1,0.121,0.58,Medium
234,160.16,2,52.07,139,4,0.104,0.47,Low
1243,129.68,5,54.13,117,8,0.11,0.82,Medium
738,174.65,2,48.09,140,1,0.087,0.55,Low
2748,130.18,7,69.13,150,2,0.17,0.77,Medium
2345,69.3,10,45.89,53,6,0.407,0.98,High
1754,108.89,4,47.39,86,5,0.157,0.75,Medium
1635,120.96,6,36.71,74,2,0.15,0.45,Medium
125,119.63,5,65.7,131,3,0.11,0.72,Medium
1632,121.21,5,70.78,143,5,0.131,0.67,Medium
134,115.2,7,41.14,79,0,0.182,0.82,Medium
2224,155.53,5,42.44,110,1,0.121,0.46,Low
1600,123.51,4,59.26,122,5,0.218,0.86,Medium
2378,146.91,0,46.56,114,2,0.08,0.0,Low
735,110.08,4,57.78,106,1,0.204,0.75,Medium
1314,119.76,4,49.6,99,4,0.176,0.48,Medium
1961,135.53,2,55.34,125,2,0.068,0.52,Low
1073,163.59,3,48.78,133,2,0.049,0.49,Low
1341,55.35,17,79.13,73,12,0.384,1.32,High
2032,143.27,3,70.77,169,2,0.032,0.47,Low
1207,129.6,4,50.46,109,1,0.225,0.46,Medium
2192,146.25,2,81.64,199,3,0.075,0.53,Low
1972,118.51,5,71.89,142,3,0.166,0.69,Medium
2383,107.58,5,31.79,57,2,0.15,0.54,Medium
757,142.6,0,32.4,77,0,0.114,0.0,Low
469,149.39,2,27.31,68,0,0.079,0.35,Low
603,143.97,2,71.68,172,4,0.088,0.45,Low
933,123.55,5,61.19,126,5,0.202,0.87,Medium
2964,68.0,14,46.77,53,8,0.485,1.07,High
2839,132.18,5,44.03,97,3,0.183,0.69,Medium
1902,118.96,4,53.97,107,4,0.15,0.75,Medium
2604,70.39,12,66.49,78,13,0.267,1.18,High
2206,137.21,3,44.6,102,1,0.106,0.31,Low
2831,109.56,7,35.05,64,4,0.145,0.58,Medium
2046,148.84,4,31.04,77,0,0.03,0.43,Low
2148,116.0,6,57.41,111,0,0.158,0.82,Medium
113,69.01,16,53.04,61,5,0.209,1.36,High
1123,80.48,8,45.48,61,8,0.212,0.61,High
1455,68.18,11,79.2,90,19,0.319,1.33,High
1468,112.13,6,44.41,83,1,0.182,0.98,Medium
1197,156.32,3,57.96,151,1,0.086,0.52,Low
124,111.83,7,86.92,162,2,0.166,0.48,Medium
385,149.25,0,63.52,158,0,0.092,0.0,Low
773,76.58,11,39.96,51,4,0.25,1.02,High
1250,66.28,10,50.7,56,6,0.289,1.23,High
85,88.36,9,52.97,78,11,0.321,1.24,High
2491,156.36,2,57.18,149,0,0.06,0.45,Low
2240,75.96,10,56.87,72,11,0.273,1.28,High
1419,127.21,5,38.68,82,1,0.195,0.68,Medium
552,82.15,11,40.17,55,3,0.264,1.03,High
662,64.38,10,49.39,53,7,0.411,1.22,High
789,85.84,14,77.59,111,18,0.197,0.87,High
1307,165.11,3,49.06,135,1,0.02,0.44,Low
2438,119.44,7,42.2,84,1,0.113,0.51,Medium
2554,157.81,2,51.33,135,3,0.082,0.58,Low
2200,125.51,3,61.19,128,7,0.158,0.49,Medium
918,86.42,11,88.87,128,11,0.403,1.45,High
146,139.92,2,49.31,115,1,0.066,0.47,Low
198,86.74,11,47.04,68,3,0.449,1.39,High
400,81.77,8,59.43,81,4,0.193,1.3,High
1938,111.32,6,61.98,115,3,0.195,0.64,Medium
477,69.1,11,59.04,68,12,0.392,0.98,High
1372,119.25,5,48.81,97,7,0.142,0.63,Medium
337,84.14,8,30.66,43,2,0.317,0.73,High
1138,146.41,1,35.65,87,0,0.067,0.48,Low
2064,146.36,1,79.94,195,3,0.07,0.57,Low
885,147.55,2,39.04,96,0,0.068,0.61,Low
2810,106.53,3,35.48,63,2,0.153,0.65,Medium
2317,79.37,7,62.74,83,6,0.321,0.99,High
1290,151.79,1,62.06,157,1,0.108,0.47,Low
1587,152.58,1,62.53,159,2,0.116,0.38,Low
2439,134.48,6,73.17,164,5,0.116,0.79,Medium
1498,76.62,16,58.73,75,12,0.399,1.32,High
1397,93.91,12,59.42,93,13,0.261,1.15,High
1311,153.42,2,59.44,152,2,0.063,0.55,Low
2152,162.13,0,55.51,150,4,0.108,0.0,Low
1583,116.66,6,44.23,86,3,0.184,0.78,Medium
997,133.22,4,55.4,123,0,0.137,0.4,Low
1299,160.18,1,59.18,158,4,0.077,0.45,Low
577,134.65,1,62.83,141,2,0.056,0.38,Low
624,108.91,5,34.16,62,1,0.138,0.88,Medium
62,172.08,1,46.03,132,2,0.071,0.48,Low
996,163.11,2,75.04,204,0,0.038,0.59,Low
2978,124.31,7,54.54,113,3,0.136,0.71,Medium
2845,113.3,6,54.02,102,3,0.141,0.46,Medium
224,87.25,11,55.01,80,6,0.216,1.03,High
2221,168.77,2,59.73,168,2,0.023,0.5,Low
1737,115.97,6,62.6,121,2,0.116,0.62,Medium
999,120.97,4,31.25,63,2,0.195,0.6,Medium
2158,156.53,2,55.2,144,0,0.099,0.31,Low
1122,164.37,2,40.52,111,2,0.082,0.4,Low
2705,87.8,9,48.52,71,2,0.374,1.02,High
1993,149.81,6,59.27,148,2,0.069,0.47,Low
1609,135.9,3,70.2,159,2,0.125,0.39,Low
1228,150.29,2,56.29,141,2,0.053,0.33,Low
19,80.26,10,56.07,75,10,0.312,1.1,High
1467,108.8,6,54.59,99,3,0.17,0.74,Medium
104,109.43,8,61.96,113,2,0.151,0.79,Medium
2326,144.11,3,46.21,111,1,0.093,0.51,Low
1161,145.98,2,49.73,121,0,0.069,0.43,Low
1031,80.75,9,95.85,129,11,0.165,0.92,High
812,66.91,10,78.91,88,15,0.331,0.84,High
1129,153.07,3,52.52,134,2,0.072,0.54,Low
2766,81.89,8,37.37,51,6,0.395,1.47,High
2391,111.82,6,47.76,89,6,0.163,0.76,Medium
263,153.31,0,41.49,106,2,0.101,0.0,Low
2673,92.54,7,64.19,99,6,0.301,1.31,High
2735,88.09,8,68.79,101,16,0.313,1.41,High
2686,131.04,3,60.44,132,2,0.147,0.46,Low
2586,129.0,6,20.0,43,2,0.182,0.51,Medium
1554,156.65,2,65.5,171,3,0.083,0.32,Low
274,133.49,2,64.28,143,1,0.148,0.32,Low
1786,154.1,4,54.12,139,2,0.107,0.43,Low
2401,135.29,2,49.23,111,0,0.037,0.49,Low
441,173.56,3,75.71,219,3,0.09,0.44,Low
1463,59.61,13,52.34,52,15,0.424,1.52,High
2909,183.62,3,49.01,150,1,0.093,0.41,Low
1437,110.22,2,30.48,56,3,0.206,0.91,Medium
74,121.88,5,56.12,114,6,0.175,0.57,Medium
1051,86.94,9,79.37,115,12,0.255,1.3,High
1224,77.85,9,33.91,44,8,0.282,1.76,High
1840,139.91,0,50.6,118,2,0.125,0.0,Low
2213,103.57,7,61.41,106,4,0.155,0.89,Medium
2685,162.82,3,63.01,171,2,0.088,0.42,Low
1621,161.78,0,45.99,124,1,0.125,0.0,Low
2104,103.63,5,52.69,91,8,0.212,0.74,Medium
1883,56.01,8,70.7,66,13,0.425,1.49,High
591,81.48,7,70.7,96,14,0.229,1.55,High
972,109.76,6,34.44,63,2,0.139,0.73,Medium
2709,156.67,1,60.13,157,0,0.058,0.52,Low
2226,143.95,5,62.94,151,3,0.117,0.52,Low
259,100.01,11,71.39,119,10,0.371,1.24,High
2272,134.91,4,27.13,61,0,0.06,0.52,Low
1444,159.43,3,63.6,169,2,0.071,0.48,Low
2808,75.6,9,46.83,59,1,0.267,1.17,High
608,115.72,4,66.37,128,5,0.172,0.84,Medium
1125,158.18,2,54.24,143,0,0.05,0.47,Low
1549,159.09,1,59.59,158,2,0.023,0.45,Low
1443,96.29,15,51.72,83,8,0.27,1.17,High
2018,122.67,4,43.53,89,3,0.212,0.73,Medium
2277,139.99,2,49.72,116,1,0.052,0.41,Low
1991,157.72,2,86.35,227,3,0.123,0.35,Low
761,115.24,6,46.86,90,3,0.177,0.93,Medium
1103,65.17,11,77.34,84,13,0.345,1.32,High
2997,116.79,6,41.1,80,3,0.172,0.75,Medium
1174,79.52,12,70.93,94,9,0.371,0.89,High
1590,85.06,8,67.01,95,15,0.454,1.28,High
1581,83.84,7,43.65,61,7,0.236,0.98,High
1396,135.35,4,50.98,115,5,0.125,0.83,Medium
2301,153.03,2,71.75,183,3,0.096,0.54,Low
2023,96.69,12,53.37,86,8,0.37,1.43,High
487,67.64,9,74.51,84,17,0.325,1.44,High
1487,159.31,1,74.19,197,3,0.07,0.59,Low
848,118.27,7,51.74,102,4,0.197,1.09,Medium
618,117.83,4,48.89,96,2,0.145,0.75,Medium
1275,127.87,6,68.51,146,4,0.146,0.63,Medium
2303,99.17,9,73.81,122,12,0.29,1.28,High
2919,121.39,5,46.46,94,2,0.136,0.48,Medium
2856,144.76,6,61.34,148,4,0.154,0.54,Medium
1868,129.03,8,59.99,129,4,0.108,0.89,Medium
2576,113.87,6,36.36,69,1,0.137,0.93,Medium
2436,149.48,0,59.41,148,1,0.049,0.0,Low
1283,61.79,13,50.5,52,7,0.384,1.55,High
1578,138.34,2,38.6,89,0,0.036,0.42,Low
2063,116.43,5,52.56,102,8,0.155,0.6,Medium
215,136.58,2,49.64,113,1,0.027,0.43,Low
913,84.25,10,54.12,76,6,0.342,1.32,High
2260,153.86,2,48.74,125,1,0.07,0.44,Low
1057,112.75,6,70.25,132,7,0.163,0.77,Medium
595,116.86,5,74.45,145,2,0.227,0.72,Medium
2136,105.48,5,65.98,116,2,0.177,0.9,Medium
640,115.86,5,51.27,99,4,0.142,0.83,Medium
285,146.22,1,64.42,157,3,0.082,0.54,Low
2346,119.77,6,28.55,57,4,0.164,0.78,Medium
3000,166.71,1,37.07,103,0,0.056,0.46,Low
817,102.44,8,62.08,106,3,0.388,1.4,High
1162,129.71,5,46.26,100,2,0.197,0.83,Medium
899,151.73,3,73.55,186,0,0.102,0.48,Low
2114,113.28,7,64.62,122,6,0.114,0.87,Medium
2057,155.42,2,71.8,186,3,0.01,0.48,Low
1946,167.56,0,51.56,144,1,0.025,0.0,Low
2508,157.92,3,49.77,131,0,0.12,0.52,Low
416,125.16,6,36.43,76,1,0.15,0.79,Medium
2684,77.84,10,53.96,70,6,0.47,1.53,High
2996,121.5,6,58.76,119,5,0.205,0.77,Medium
1548,86.47,12,52.74,76,5,0.186,1.41,High
501,126.12,4,42.34,89,1,0.176,0.8,Medium
1564,98.89,11,37.62,62,3,0.258,1.7,High
569,121.7,5,83.81,170,3,0.174,0.67,Medium
119,128.69,6,52.68,113,2,0.077,0.82,Medium
2434,162.95,1,31.67,86,1,0.072,0.55,Low
1107,70.63,11,76.46,90,10,0.384,1.44,High
2551,63.23,16,36.06,38,6,0.321,1.33,High
1846,120.84,6,64.05,129,6,0.151,0.55,Medium
147,79.63,10,53.49,71,7,0.364,1.34,High
276,114.09,5,49.96,95,1,0.175,0.56,Medium
2577,121.34,6,66.76,135,6,0.171,0.72,Medium
579,127.27,6,39.6,84,4,0.141,0.55,Medium
1656,118.95,5,60.53,120,6,0.113,0.68,Medium
666,89.19,13,26.91,40,2,0.262,1.0,High
1198,162.19,1,40.32,109,2,0.072,0.43,Low
2048,177.94,1,44.85,133,1,0.055,0.52,Low
1435,129.37,9,38.96,84,3,0.141,0.76,Medium
2912,86.29,11,52.15,75,8,0.444,1.3,High
693,123.58,6,50.49,104,3,0.132,0.55,Medium
2255,158.56,1,64.33,170,1,0.055,0.46,Low
1804,139.75,2,53.24,124,3,0.051,0.53,Low
2957,77.29,9,50.46,65,4,0.236,1.53,High
2796,78.84,8,44.14,58,10,0.303,0.99,High
821,92.58,10,45.37,70,3,0.316,1.19,High
203,161.39,2,65.8,177,2,0.084,0.42,Low
2397,119.08,4,72.05,143,3,0.15,0.67,Medium
959,152.34,3,70.11,178,2,0.029,0.41,Low
1504,152.71,4,47.54,121,1,0.102,0.51,Low
2932,128.73,5,35.42,76,4,0.165,0.43,Medium
1863,74.19,13,37.2,46,6,0.296,1.06,High
1825,131.93,1,80.5,177,5,0.065,0.42,Low
813,89.88,15,62.75,94,5,0.247,1.12,High
1044,146.75,2,52.74,129,1,0.021,0.41,Low
390,115.73,5,47.7,92,1,0.152,0.61,Medium
688,121.34,5,50.44,102,3,0.108,0.7,Medium
2497,121.92,6,59.05,120,8,0.17,0.63,Medium
615,109.91,4,43.67,80,3,0.157,0.73,Medium
634,70.27,11,64.03,75,13,0.398,1.32,High
2395,123.92,6,46.97,97,5,0.173,0.96,Medium
671,83.35,11,68.39,95,9,0.372,1.37,High
1027,158.26,1,44.74,118,3,0.051,0.51,Low
1904,151.65,3,54.6,138,0,0.053,0.41,Low
2292,90.15,14,50.58,76,7,0.211,1.44,High
221,116.83,7,49.3,96,4,0.191,0.72,Medium
1666,152.02,1,57.23,145,2,0.093,0.5,Low
562,59.73,13,34.15,34,8,0.469,0.99,High
1781,86.38,9,78.49,113,8,0.361,0.63,High
430,159.05,1,60.74,161,1,0.083,0.51,Low
478,87.48,12,74.76,109,9,0.244,1.2,High
1096,84.48,14,63.21,89,7,0.367,1.73,High
2341,116.12,5,51.15,99,3,0.137,0.73,Medium
1890,112.48,4,30.41,57,2,0.166,0.68,Medium
2993,108.83,6,68.36,124,3,0.209,0.89,Medium
2005,149.63,2,45.31,113,1,0.047,0.32,Low
2463,122.88,5,54.69,112,7,0.156,0.5,Medium
1287,109.03,5,48.98,89,3,0.162,0.65,Medium
1728,166.69,1,81.71,227,3,0.083,0.44,Low
88,117.47,5,48.01,94,2,0.105,0.95,Medium
1571,144.37,2,42.39,102,1,0.038,0.52,Low
213,125.69,5,58.24,122,3,0.106,0.8,Medium
2933,115.37,5,66.57,128,10,0.127,0.84,Medium
2680,82.17,14,54.76,75,5,0.292,1.07,High
139,134.31,5,53.16,119,3,0.175,0.79,Medium
2116,91.2,10,35.53,54,5,0.241,1.15,High
2637,135.06,1,35.1,79,3,0.101,0.37,Low
1310,74.92,9,61.66,77,15,0.291,1.34,High
240,137.83,2,55.72,128,1,0.078,0.54,Low
799,64.42,15,70.79,76,13,0.37,1.22,High
2595,135.62,3,78.75,178,1,0.086,0.31,Low
1960,84.38,14,51.2,72,9,0.319,0.79,High
1121,106.49,5,51.84,92,2,0.119,0.76,Medium
2141,130.9,2,43.54,95,0,0.144,0.51,Low
1326,111.97,6,40.72,76,3,0.172,0.92,Medium
694,129.66,6,63.4,137,2,0.139,0.92,Medium
700,121.36,5,80.09,162,0,0.201,0.49,Medium
791,79.44,9,63.44,84,5,0.194,1.08,High
211,88.02,11,54.53,80,10,0.374,1.59,High
2847,137.73,5,63.17,145,6,0.135,0.83,Medium
752,141.74,2,80.43,190,2,0.077,0.45,Low
946,110.78,6,35.75,66,1,0.175,0.82,Medium
1596,156.88,3,45.51,119,1,0.081,0.58,Low
1141,115.25,6,65.07,125,8,0.146,0.53,Medium
2633,76.1,14,40.21,51,2,0.26,0.81,High
359,83.97,9,50.02,70,7,0.265,0.96,High
2079,129.99,7,74.31,161,3,0.173,0.31,Medium
987,77.35,16,42.66,55,6,0.391,1.51,High
2278,78.78,10,85.3,112,12,0.195,1.36,High
2789,92.45,15,56.47,87,7,0.337,1.9,High
1573,166.78,1,61.16,170,2,0.051,0.47,Low
419,120.03,8,33.99,68,2,0.168,0.89,Medium
1831,133.63,6,53.88,120,5,0.17,0.64,Medium
1137,119.83,3,55.58,111,2,0.185,0.71,Medium
1347,148.68,2,52.46,130,1,0.1,0.51,Low
133,121.69,5,67.55,137,6,0.17,0.73,Medium
747,113.77,7,85.97,163,4,0.153,0.89,Medium
353,137.36,3,44.55,102,0,0.03,0.48,Low
73,85.31,9,62.59,89,7,0.277,1.29,High
2891,129.85,4,45.28,98,3,0.102,0.52,Low
2432,105.25,5,45.61,80,8,0.141,0.6,Medium
1750,116.82,4,63.18,123,5,0.153,0.6,Medium
148,77.11,7,57.58,74,10,0.344,1.3,High
1522,118.68,5,65.72,130,6,0.189,0.79,Medium
704,91.5,14,76.07,116,14,0.254,0.69,High
2441,104.01,10,45.0,78,5,0.34,1.47,High
1237,137.25,4,47.21,108,2,0.118,0.59,Low
1989,146.19,1,35.71,87,2,0.064,0.57,Low
2945,125.79,6,54.85,115,7,0.192,0.63,Medium
1769,118.7,5,47.51,94,3,0.173,0.71,Medium
1294,150.67,3,48.58,122,1,0.035,0.31,Low
825,83.34,13,56.15,78,9,0.259,1.09,High
1430,158.89,2,69.86,185,1,0.05,0.39,Low
2726,146.59,3,31.11,76,0,0.087,0.57,Low
1398,130.36,5,50.17,109,2,0.19,0.48,Medium
491,154.16,3,42.81,110,2,0.09,0.58,Low
2007,120.48,4,71.21,143,7,0.127,0.49,Medium
2874,158.34,4,68.96,182,1,0.135,0.49,Low
1670,130.32,5,29.01,63,2,0.126,0.61,Medium
2843,131.37,4,40.19,88,2,0.103,0.9,Medium
2536,116.06,8,43.94,85,4,0.139,0.83,Medium
354,93.56,12,48.1,75,11,0.439,1.72,High
2284,143.14,0,52.4,125,1,0.029,0.0,Low
2133,132.53,1,47.99,106,0,0.081,0.37,Low
2234,120.97,7,68.94,139,4,0.16,0.57,Medium
307,123.14,5,72.6,149,9,0.171,0.71,Medium
2399,89.68,12,58.87,88,5,0.272,1.68,High
159,128.58,7,53.2,114,3,0.111,0.94,Medium
505,165.36,0,57.69,159,2,0.091,0.0,Low
2547,144.6,3,41.49,100,1,0.085,0.44,Low
663,69.61,10,41.37,48,10,0.259,1.38,High
2790,130.18,6,75.59,164,5,0.144,0.56,Medium
1741,115.56,7,52.44,101,3,0.16,0.74,Medium
1962,79.49,11,57.37,76,11,0.375,1.13,High
319,132.59,6,55.21,122,2,0.162,0.7,Medium
1734,87.61,5,69.85,102,4,0.261,1.6,High
695,80.4,5,52.99,71,8,0.292,1.16,High
1552,138.57,4,54.56,126,2,0.049,0.42,Low
2860,126.92,5,39.24,83,1,0.168,0.65,Medium
1505,129.67,5,49.05,106,4,0.129,0.84,Medium
708,153.55,2,55.88,143,1,0.096,0.51,Low
2612,85.79,10,63.64,91,10,0.335,0.76,High
1408,112.43,7,35.76,67,3,0.189,0.6,Medium
1606,126.47,6,62.63,132,3,0.188,0.66,Medium
1380,108.56,5,42.56,77,4,0.172,0.78,Medium
2065,124.86,7,48.05,100,3,0.177,0.73,Medium
2425,139.43,2,34.42,80,2,0.091,0.34,Low
797,97.25,10,84.52,137,18,0.297,1.16,High
2890,107.39,7,59.78,107,5,0.162,0.74,Medium
1879,120.18,6,43.93,88,3,0.1,0.67,Medium
571,156.01,0,43.46,113,0,0.118,0.0,Low
2712,68.44,14,63.12,72,10,0.313,0.9,High
2882,72.81,11,57.68,70,6,0.316,1.18,High
847,96.08,13,68.69,110,4,0.296,1.0,High
306,166.71,2,50.75,141,0,0.108,0.38,Low
955,117.47,5,65.89,129,7,0.164,0.69,Medium
2534,161.58,5,65.36,176,3,0.067,0.42,Low
2483,155.89,2,82.37,214,3,0.063,0.42,Low
2302,146.3,2,41.83,102,1,0.077,0.45,Low
1296,109.47,6,52.07,95,1,0.153,0.68,Medium
479,124.43,4,73.3,152,6,0.135,0.63,Medium
1292,146.89,2,55.14,135,1,0.1,0.35,Low
2613,123.16,6,69.18,142,3,0.196,0.87,Medium
2564,170.07,2,46.22,131,2,0.094,0.42,Low
2695,153.01,2,45.88,117,1,0.136,0.6,Low
2761,185.39,1,73.47,227,0,0.087,0.56,Low
990,100.07,12,50.96,85,6,0.357,1.11,High
87,86.62,14,58.19,84,5,0.32,1.36,High
504,90.14,11,43.93,66,6,0.311,1.23,High
1258,157.69,3,69.63,183,2,0.131,0.31,Low
2479,144.18,1,53.68,129,0,0.107,0.35,Low
2372,76.24,8,62.17,79,8,0.41,1.11,High
705,164.49,3,68.94,189,2,0.056,0.45,Low
2464,122.04,3,61.46,125,3,0.171,0.72,Medium
22,151.21,2,55.95,141,2,0.065,0.63,Low
2076,66.47,12,44.23,49,6,0.274,1.22,High
1253,127.21,6,64.15,136,7,0.108,0.99,Medium
796,108.25,7,46.01,83,3,0.144,0.78,Medium
2470,164.2,2,71.98,197,2,0.072,0.51,Low
206,137.29,4,85.22,195,3,0.128,0.59,Medium
179,149.47,2,23.68,59,0,0.086,0.4,Low
1019,155.37,1,30.12,78,1,0.081,0.5,Low
18,154.33,1,43.15,111,1,0.102,0.43,Low
1440,126.23,7,87.94,185,3,0.192,0.64,Medium
2767,154.29,0,54.44,140,0,0.076,0.0,Low
2747,120.43,4,50.32,101,6,0.167,0.43,Medium
1445,123.84,5,65.89,136,1,0.166,0.82,Medium
534,116.1,11,58.92,114,10,0.354,1.01,High
2021,89.26,8,62.52,93,6,0.363,0.96,High
57,134.83,5,49.4,111,2,0.183,0.71,Medium
2327,74.0,10,44.6,55,7,0.318,1.28,High
2468,169.66,2,35.72,101,1,0.083,0.48,Low
547,140.54,2,70.87,166,1,0.029,0.49,Low
2359,173.88,4,65.22,189,2,0.1,0.32,Low
2606,119.64,3,73.72,147,4,0.191,0.79,Medium
1593,149.67,2,41.69,104,0,0.06,0.37,Low
1273,165.79,3,39.45,109,1,0.13,0.35,Low
1221,121.68,5,76.92,156,4,0.112,0.4,Medium
544,80.79,13,69.81,94,9,0.307,0.79,High
2101,117.35,6,60.33,118,3,0.19,0.83,Medium
499,149.01,2,97.44,242,3,0.09,0.42,Low
2878,62.31,9,64.52,67,16,0.432,1.31,High
866,76.87,12,50.73,65,5,0.4,1.37,High
692,89.95,10,52.03,78,9,0.477,1.22,High
1967,88.42,10,50.89,75,7,0.387,1.25,High
2575,71.09,12,55.7,66,10,0.3,0.91,High
1187,84.2,12,61.29,86,10,0.394,1.1,High
97,87.86,10,66.24,97,8,0.366,1.55,High
697,93.5,13,54.54,85,7,0.365,1.28,High
720,118.33,5,66.42,131,9,0.21,0.84,Medium
219,118.47,5,57.23,113,7,0.168,0.6,Medium
1246,113.89,7,59.0,112,7,0.132,0.7,Medium
1646,132.84,5,40.2,89,4,0.075,0.65,Medium
1580,120.38,4,61.8,124,8,0.149,0.53,Medium
1370,116.86,3,60.59,118,3,0.129,0.9,Medium
958,101.93,11,52.39,89,5,0.335,1.48,High
1661,115.55,8,54.52,105,1,0.176,0.71,Medium
1365,119.08,7,31.74,63,4,0.193,0.71,Medium
1284,77.61,6,47.93,62,9,0.341,1.43,High
2795,108.92,7,22.59,41,4,0.149,0.74,Medium
1486,123.1,4,56.05,115,1,0.204,0.72,Medium
838,88.63,13,62.96,93,11,0.438,1.04,High
935,88.77,10,55.42,82,10,0.323,1.23,High
1305,145.24,1,46.27,112,2,0.11,0.55,Low
745,79.66,9,67.04,89,9,0.324,1.35,High
110,108.49,6,52.54,95,3,0.153,0.65,Medium
852,120.89,6,69.48,140,4,0.197,0.75,Medium
2578,128.09,8,58.08,124,4,0.153,0.88,Medium
2426,151.38,1,31.31,79,0,0.078,0.42,Low
2168,139.45,1,33.99,79,0,0.062,0.55,Low
1404,138.28,4,37.31,86,0,0.123,0.71,Medium
570,89.52,9,53.62,80,7,0.226,1.47,High
451,85.53,11,70.85,101,8,0.385,0.92,High
13,147.76,1,60.91,150,2,0.092,0.49,Low
103,144.07,2,50.81,122,0,0.035,0.47,Low
943,129.65,7,66.64,144,7,0.199,0.56,Medium
1203,101.24,5,86.53,146,2,0.15,0.8,Medium
1118,76.05,11,47.34,60,11,0.394,1.17,High
886,91.41,8,36.76,56,1,0.401,0.8,High
1685,105.81,5,63.51,112,6,0.234,0.6,Medium
2923,56.3,9,65.01,61,9,0.323,1.04,High
2157,111.42,3,44.7,83,1,0.131,0.53,Medium
1064,140.66,2,70.38,165,2,0.049,0.31,Low
2231,153.0,3,20.0,51,2,0.077,0.49,Low
730,157.02,1,41.65,109,1,0.059,0.43,Low
1908,109.46,7,53.72,98,5,0.129,0.83,Medium
2261,114.0,5,20.0,38,2,0.148,0.59,Medium
2724,116.81,7,45.2,88,5,0.17,0.72,Medium
280,161.07,4,51.41,138,1,0.046,0.61,Low
522,160.76,2,46.28,124,1,0.06,0.48,Low
2609,107.74,6,45.11,81,1,0.12,0.74,Medium
2193,142.55,2,52.61,125,1,0.099,0.38,Low
675,156.5,2,60.96,159,1,0.063,0.33,Low
2770,162.03,2,30.74,83,0,0.048,0.48,Low
454,102.09,5,49.96,85,4,0.137,0.81,Medium
2117,118.68,5,68.76,136,3,0.171,0.79,Medium
81,103.52,7,49.85,86,7,0.165,0.58,Medium
2216,143.7,2,54.7,131,1,0.069,0.47,Low
2323,84.72,11,55.95,79,9,0.318,1.42,High
2792,79.71,9,66.24,88,9,0.405,1.12,High
2357,124.86,5,45.65,95,3,0.185,0.67,Medium
520,122.98,5,56.59,116,3,0.136,0.58,Medium
2801,139.34,5,55.98,130,4,0.121,0.7,Medium
1767,84.79,8,58.03,82,9,0.394,1.23,High
1691,82.84,10,89.09,123,6,0.353,1.03,High
2335,144.39,2,35.74,86,0,0.065,0.42,Low
1426,150.09,2,23.99,60,3,0.12,0.44,Low
406,121.06,5,59.97,121,4,0.158,0.72,Medium
91,140.14,2,66.36,155,4,0.122,0.39,Low
2480,110.86,4,44.92,83,3,0.166,0.74,Medium
1663,156.54,2,46.38,121,0,0.054,0.46,Low
2651,124.84,6,61.04,127,3,0.185,0.58,Medium
1406,155.9,0,84.28,219,2,0.081,0.0,Low
1005,126.1,1,53.29,112,0,0.095,0.55,Low
1880,100.24,14,38.31,64,4,0.297,1.12,High
2851,95.11,11,49.84,79,10,0.257,1.37,High
1994,112.26,6,60.4,113,4,0.212,0.83,Medium
1352,161.39,4,74.36,200,2,0.107,0.6,Low
1914,113.16,6,52.49,99,5,0.161,0.64,Medium
118,143.05,1,91.02,217,3,0.066,0.43,Low
286,102.22,5,71.61,122,5,0.181,0.87,Medium
481,84.7,12,51.0,72,5,0.347,1.65,High
1412,164.7,2,65.94,181,1,0.101,0.45,Low
358,163.12,0,57.38,156,3,0.079,0.0,Low
2276,147.25,3,64.38,158,0,0.045,0.48,Low
2514,117.71,8,57.6,113,3,0.165,0.5,Medium
566,129.79,7,67.49,146,2,0.119,0.51,Medium
1267,127.88,3,52.55,112,1,0.079,0.39,Low
257,120.84,5,52.14,105,2,0.145,0.73,Medium
20,100.78,13,41.08,69,5,0.422,1.29,High
2898,116.81,7,41.09,80,1,0.111,0.83,Medium
709,157.43,1,64.41,169,0,0.109,0.44,Low
1612,143.37,3,50.64,121,1,0.11,0.54,Low
1760,111.41,5,64.09,119,4,0.131,0.68,Medium
458,158.73,2,60.1,159,2,0.121,0.47,Low
1923,156.76,1,62.77,164,1,0.132,0.5,Low
2941,97.84,8,56.42,92,11,0.287,1.1,High
2056,146.99,2,48.58,119,1,0.107,0.43,Low
1328,98.52,7,58.47,96,10,0.387,0.82,High
160,82.53,11,56.71,78,4,0.252,1.49,High
1085,149.31,2,59.87,149,7,0.055,0.4,Low
2257,172.7,2,34.74,100,0,0.071,0.48,Low
84,123.05,6,36.57,75,0,0.141,0.67,Medium
1030,128.21,7,58.5,125,4,0.145,0.76,Medium
1167,63.88,12,53.54,57,12,0.319,1.49,High
2264,137.35,2,62.91,144,2,0.097,0.48,Low
2338,114.36,7,60.34,115,5,0.142,0.77,Medium
1510,89.32,12,50.38,75,11,0.391,0.83,High
2757,116.68,7,60.68,118,5,0.151,0.46,Medium
2486,139.59,5,46.85,109,4,0.144,0.66,Medium
2840,69.89,11,66.96,78,11,0.195,1.63,High
2348,79.11,14,53.85,71,6,0.322,1.38,High
2096,140.41,2,56.83,133,1,0.042,0.45,Low
2512,62.37,5,60.61,63,7,0.442,0.78,High
2478,97.67,7,69.42,113,10,0.129,1.36,High
283,133.28,3,54.47,121,0,0.1,0.61,Low
1189,143.87,4,50.05,120,1,0.13,0.45,Low
798,119.31,8,68.4,136,4,0.202,0.64,Medium
222,104.93,7,58.89,103,5,0.22,0.68,Medium
1679,118.9,7,48.44,96,7,0.123,0.87,Medium
1626,53.32,14,59.64,53,7,0.415,1.49,High
1921,81.13,12,73.96,100,6,0.364,1.07,High
1413,133.56,3,40.43,90,0,0.067,0.64,Low
2460,123.06,5,67.28,138,5,0.219,0.68,Medium
2179,125.68,4,61.59,129,5,0.189,0.67,Medium
960,76.9,15,75.68,97,9,0.337,1.58,High
1562,149.33,1,56.25,140,2,0.072,0.37,Low
1134,157.6,2,42.64,112,1,0.101,0.54,Low
2579,110.49,5,53.76,99,6,0.182,0.52,Medium
2445,124.69,5,49.08,102,1,0.172,0.9,Medium
2271,75.14,9,55.89,70,3,0.159,1.12,High
1343,83.86,8,75.13,105,11,0.443,1.81,High
804,151.82,1,77.46,196,4,0.058,0.4,Low
2706,124.68,7,44.27,92,3,0.158,0.63,Medium
2785,113.46,6,39.13,74,4,0.157,0.45,Medium
2229,127.26,6,68.36,145,5,0.182,0.74,Medium
2807,118.68,5,70.78,140,5,0.15,0.36,Medium
404,69.69,13,74.9,87,11,0.152,1.22,High
227,159.89,2,50.28,134,3,0.091,0.48,Low
2969,91.66,10,45.17,69,5,0.294,1.1,High
513,151.26,1,59.9,151,1,0.119,0.4,Low
79,83.75,17,40.83,57,2,0.333,1.13,High
1065,114.14,6,62.56,119,4,0.154,0.86,Medium
834,110.5,5,49.96,92,4,0.136,0.68,Medium
1888,150.22,2,45.13,113,1,0.069,0.52,Low
2417,118.45,5,54.2,107,4,0.199,0.74,Medium
1911,97.19,14,64.82,105,11,0.254,1.18,High
2364,76.77,9,38.3,49,7,0.368,1.12,High
2290,101.36,10,52.68,89,6,0.293,1.41,High
1566,92.01,13,58.69,90,6,0.307,1.28,High
2594,162.12,1,42.93,116,1,0.113,0.52,Low
1727,139.47,2,40.87,95,0,0.092,0.53,Low
945,143.25,1,38.53,92,1,0.051,0.37,Low
2175,98.71,5,60.79,100,4,0.164,0.8,Medium
1241,92.52,12,53.18,82,4,0.342,1.13,High
432,163.25,1,68.73,187,1,0.077,0.49,Low
1152,76.92,8,43.68,56,5,0.443,1.32,High
1597,123.81,5,53.31,110,3,0.088,0.56,Medium
1927,144.94,0,64.58,156,2,0.111,0.0,Low
2084,71.06,8,64.17,76,5,0.388,1.55,High
1048,139.5,2,34.41,80,2,0.136,0.52,Low
130,148.0,2,81.89,202,2,0.123,0.32,Low
984,143.0,2,33.99,81,0,0.089,0.48,Low
2299,109.51,5,52.6,96,4,0.172,0.91,Medium
2883,157.8,5,38.02,100,2,0.1,0.56,Low
1068,83.03,10,59.98,83,18,0.239,1.47,High
1671,86.7,13,85.12,123,15,0.305,1.19,High
1758,127.6,7,63.95,136,2,0.192,0.75,Medium
1433,81.4,10,54.55,74,9,0.293,0.95,High
829,109.27,6,58.2,106,1,0.166,0.63,Medium
431,102.34,17,84.42,144,11,0.296,1.31,High
65,146.4,2,77.46,189,1,0.035,0.55,Low
1607,72.36,8,41.46,50,4,0.31,1.97,High
2610,67.29,3,85.59,96,13,0.286,1.08,High
155,168.81,2,56.16,158,4,0.057,0.5,Low
1234,152.91,3,74.16,189,1,0.072,0.48,Low
2137,151.41,1,58.65,148,0,0.157,0.46,Low
2159,171.68,3,46.83,134,0,0.088,0.42,Low
952,117.58,5,43.89,86,6,0.15,0.66,Medium
2619,141.09,4,83.78,197,2,0.057,0.33,Low
2353,95.47,17,70.39,112,9,0.354,1.19,High
2682,104.3,4,67.88,118,8,0.151,0.77,Medium
2040,121.86,6,61.06,124,6,0.138,0.96,Medium
2160,122.92,5,43.93,90,2,0.218,0.55,Medium
659,138.25,2,57.72,133,2,0.097,0.34,Low
718,134.14,3,64.41,144,0,0.063,0.37,Low
2202,122.63,6,79.75,163,9,0.186,0.76,Medium
1947,119.51,6,72.3,144,8,0.174,0.65,Medium
2188,165.15,2,73.02,201,1,0.071,0.35,Low
2374,130.17,5,55.77,121,2,0.203,0.62,Medium
2700,108.87,8,79.36,144,3,0.118,0.68,Medium
696,91.52,10,49.17,75,6,0.417,1.43,High
1735,73.53,11,47.33,58,4,0.203,1.26,High
1843,161.66,0,81.28,219,2,0.07,0.0,Low
2,103.84,4,47.38,82,3,0.104,0.7,Medium
1325,71.79,11,49.31,59,8,0.372,1.21,High
1399,82.34,10,80.16,110,12,0.423,1.59,High
2230,93.27,12,52.11,81,7,0.202,1.11,High
2520,120.51,5,49.29,99,5,0.186,0.85,Medium
980,151.51,3,51.09,129,1,0.101,0.57,Low
2183,119.24,7,53.34,106,6,0.161,0.42,Medium
1457,149.09,2,80.49,200,2,0.097,0.35,Low
2630,149.36,2,35.75,89,1,0.064,0.47,Low
1359,126.82,6,68.13,144,4,0.163,0.65,Medium
639,73.16,11,52.49,64,6,0.298,1.11,High
668,147.04,4,46.93,115,1,0.058,0.44,Low
1219,75.8,8,81.53,103,15,0.371,0.85,High
1146,113.61,7,58.1,110,4,0.172,0.77,Medium
1308,181.17,0,68.56,207,0,0.082,0.0,Low
2034,77.8,13,64.78,84,11,0.318,1.29,High
2596,157.48,4,56.01,147,0,0.063,0.31,Low
1853,126.41,6,59.33,125,4,0.189,0.57,Medium
2550,91.01,11,62.63,95,5,0.217,1.45,High
2416,63.8,13,50.79,54,6,0.392,1.78,High
2384,67.35,12,56.13,63,7,0.349,1.5,High
1740,123.73,5,50.43,104,4,0.128,0.5,Medium
1357,141.77,2,60.95,144,2,0.044,0.51,Low
2086,82.29,11,58.33,80,10,0.339,0.95,High
2543,140.97,1,71.51,168,2,0.103,0.43,Low
1556,116.58,6,58.16,113,4,0.204,0.49,Medium
530,65.97,13,40.02,44,3,0.314,0.66,High
914,125.04,7,35.03,73,5,0.19,0.72,Medium
2510,93.9,8,76.68,120,7,0.267,1.15,High
415,150.54,4,67.76,170,1,0.098,0.47,Low
556,78.99,16,61.53,81,6,0.508,1.01,High
135,152.06,1,48.53,123,0,0.081,0.47,Low
592,73.51,11,58.77,72,8,0.321,0.88,High
314,89.71,12,50.83,76,5,0.35,1.82,High
226,161.02,0,78.63,211,1,0.087,0.0,Low
887,114.14,4,29.44,56,0,0.136,0.71,Medium
2394,141.13,2,58.67,138,4,0.117,0.33,Low
2881,117.5,4,81.19,159,4,0.123,0.61,Medium
1970,132.41,6,54.38,120,1,0.185,0.45,Medium
2249,103.53,6,72.44,125,3,0.177,0.63,Medium
703,169.49,3,49.56,140,1,0.099,0.35,Low
2880,157.25,1,48.46,127,5,0.072,0.32,Low
1535,165.18,2,55.58,153,4,0.095,0.35,Low
494,84.83,12,57.29,81,9,0.338,1.61,High
2715,122.05,7,29.01,59,1,0.191,0.58,Medium
237,156.47,3,47.16,123,2,0.093,0.53,Low
1966,151.5,2,64.55,163,1,0.065,0.54,Low
329,63.79,13,71.48,76,10,0.306,1.2,High
2388,119.01,5,40.84,81,0,0.238,0.6,Medium
737,157.15,2,39.33,103,1,0.075,0.49,Low
1428,122.39,5,55.4,113,1,0.126,0.38,Medium
1628,140.79,2,31.54,74,2,0.076,0.53,Low
2689,74.2,12,46.09,57,5,0.364,1.59,High
2251,156.04,3,59.6,155,3,0.039,0.42,Low
1047,129.35,8,49.17,106,2,0.095,0.87,Medium
2894,115.31,6,43.71,84,2,0.139,0.67,Medium
2482,111.81,4,50.44,94,2,0.213,0.5,Medium
1344,144.41,3,52.76,127,0,0.039,0.47,Low
2622,58.71,10,43.95,43,5,0.309,1.5,High
1887,134.36,6,40.64,91,5,0.161,0.83,Medium
1764,133.41,7,76.01,169,4,0.162,0.84,Medium
567,106.32,5,37.81,67,3,0.131,0.77,Medium
249,168.96,3,48.65,137,0,0.071,0.48,Low
741,150.08,1,65.96,165,2,0.085,0.46,Low
2819,117.21,4,84.98,166,5,0.105,0.83,Medium
247,110.43,5,72.27,133,5,0.154,0.71,Medium
30,119.2,9,31.21,62,3,0.143,0.85,Medium
2147,84.58,12,46.11,65,7,0.417,1.12,High
1438,128.53,4,51.35,110,2,0.189,0.76,Medium
664,149.23,3,51.06,127,1,0.034,0.36,Low
2421,171.24,3,59.22,169,1,0.052,0.48,Low
468,150.54,2,39.86,100,1,0.096,0.58,Low
1336,70.36,8,36.67,43,4,0.354,1.05,High
2876,100.01,7,64.79,108,17,0.306,1.1,High
153,149.91,2,56.03,140,2,0.087,0.41,Low
860,72.48,13,67.88,82,11,0.277,1.29,High
1392,162.31,2,50.28,136,0,0.04,0.34,Low
2788,123.1,5,52.15,107,2,0.176,0.62,Medium
2693,121.72,6,62.11,126,3,0.163,0.69,Medium
350,160.58,4,72.49,194,2,0.073,0.33,Low
2921,148.79,2,45.57,113,1,0.027,0.45,Low
1807,144.77,2,70.46,170,3,0.12,0.36,Low
842,86.94,6,46.24,67,6,0.357,1.6,High
2541,120.17,5,41.94,84,2,0.185,0.8,Medium
2410,73.01,7,60.0,73,8,0.312,1.3,High
739,126.0,5,20.0,42,1,0.16,0.75,Medium
1297,61.74,9,38.87,40,6,0.262,0.81,High
1168,91.33,8,59.79,91,8,0.335,1.69,High
1705,91.63,13,51.73,79,13,0.347,1.05,High
1763,88.29,9,66.6,98,15,0.463,1.48,High
574,126.43,3,48.4,102,1,0.134,0.71,Medium
500,69.77,9,58.48,68,8,0.301,0.91,High
1910,141.98,0,67.19,159,0,0.087,0.0,Low
2802,115.94,6,36.23,70,1,0.201,0.85,Medium
1376,151.59,1,40.77,103,0,0.102,0.42,Low
1819,116.19,6,76.43,148,7,0.142,0.75,Medium
1885,163.71,2,59.01,161,3,0.075,0.48,Low
2043,96.25,13,60.47,97,11,0.469,0.61,High
769,86.94,11,73.84,107,10,0.322,1.44,High
1540,163.63,2,41.8,114,1,0.078,0.46,Low
371,134.47,1,51.31,115,1,0.095,0.45,Low
699,115.32,7,50.99,98,4,0.097,0.72,Medium
1920,130.75,5,49.56,108,5,0.161,0.79,Medium
525,156.27,2,47.61,124,2,0.099,0.45,Low
2621,118.08,6,50.3,99,8,0.17,0.56,Medium
1355,169.12,2,27.32,77,1,0.091,0.53,Low
1800,121.23,7,54.94,111,2,0.118,0.73,Medium
2092,83.7,9,45.88,64,7,0.357,1.33,High
382,94.78,9,70.27,111,8,0.32,1.33,High
1254,87.98,12,53.19,78,8,0.33,1.2,High
2806,119.46,4,32.14,64,1,0.141,0.55,Medium
2562,173.38,2,51.22,148,3,0.021,0.43,Low
427,172.07,4,66.6,191,2,0.081,0.54,Low
1316,126.4,5,63.13,133,5,0.199,0.88,Medium
1872,80.19,8,38.16,51,5,0.248,1.15,High
455,142.53,4,50.1,119,5,0.187,0.64,Medium
962,115.23,5,69.77,134,6,0.126,0.6,Medium
173,115.31,4,46.83,90,3,0.16,0.63,Medium
1489,121.85,6,51.21,104,0,0.124,0.73,Medium
1718,90.12,10,51.26,77,8,0.501,0.82,High
1083,114.46,5,23.59,45,0,0.154,0.71,Medium
1226,121.72,9,46.34,94,3,0.151,0.84,Medium
2871,68.33,11,33.37,38,8,0.285,0.99,High
1693,170.97,2,42.11,120,3,0.037,0.34,Low
9,144.23,5,53.25,128,3,0.123,0.44,Low
1195,116.16,5,61.99,120,2,0.102,0.93,Medium
806,89.05,12,61.31,91,6,0.386,1.34,High
2246,126.68,6,37.42,79,2,0.1,0.61,Medium
1466,135.28,4,63.87,144,3,0.171,0.91,Medium
2282,123.55,6,48.56,100,3,0.15,0.91,Medium
1922,125.35,2,69.4,145,1,0.076,0.55,Low
1391,69.86,13,60.12,70,7,0.301,1.08,High
1135,124.48,6,69.41,144,4,0.186,0.8,Medium
310,139.0,2,66.04,153,2,0.125,0.44,Low
37,74.87,12,44.88,56,8,0.279,1.24,High
2222,136.1,3,36.59,83,3,0.118,0.62,Low
830,121.58,6,48.36,98,5,0.144,0.45,Medium
849,72.85,10,70.0,85,11,0.315,1.3,High
706,87.78,11,79.98,117,7,0.218,1.07,High
1653,168.33,3,48.83,137,0,0.067,0.45,Low
1986,121.43,6,26.68,54,2,0.191,0.56,Medium
1002,152.95,4,74.14,189,1,0.104,0.47,Low
535,137.47,2,39.28,90,0,0.058,0.48,Low
2913,153.56,3,53.53,137,1,0.078,0.5,Low
1662,78.62,12,32.05,42,2,0.222,1.41,High
1078,165.7,3,57.94,160,0,0.116,0.48,Low
994,92.35,10,72.76,112,8,0.299,1.22,High
2504,118.17,5,46.71,92,2,0.187,0.96,Medium
100,106.35,4,29.9,53,1,0.187,0.89,Medium
216,139.13,3,50.89,118,4,0.047,0.61,Low
428,157.77,2,50.2,132,2,0.065,0.53,Low
2252,90.22,10,71.83,108,11,0.333,0.73,High
200,156.19,1,26.89,70,1,0.036,0.47,Low
2567,107.8,4,76.26,137,4,0.142,0.75,Medium
2614,127.77,3,43.67,93,0,0.119,0.62,Low
466,135.64,7,43.35,98,1,0.164,0.69,Medium
1719,126.5,6,39.84,84,2,0.153,0.56,Medium
1866,81.18,7,56.91,77,5,0.271,0.73,High
2403,151.38,2,65.4,165,3,0.072,0.5,Low
1939,153.64,4,44.52,114,1,0.084,0.38,Low
174,164.05,2,79.0,216,0,0.1,0.37,Low
2620,123.14,5,62.85,129,4,0.205,0.74,Medium
2967,155.19,2,53.74,139,0,0.081,0.48,Low
1482,150.6,3,58.17,146,5,0.056,0.45,Low
2454,135.22,1,69.66,157,0,0.112,0.6,Low
2289,125.65,7,63.99,134,10,0.165,0.7,Medium
1409,78.6,13,42.75,56,4,0.329,0.61,High
559,159.76,4,45.82,122,0,0.094,0.41,Low
1300,150.63,2,62.14,156,2,0.077,0.57,Low
1088,90.81,7,40.97,62,7,0.349,0.95,High
1657,74.69,8,53.02,66,6,0.367,1.07,High
1157,148.21,2,44.93,111,5,0.077,0.51,Low
351,110.89,4,76.29,141,2,0.118,0.63,Medium
1870,118.05,6,36.09,71,2,0.162,0.53,Medium
1850,115.48,6,75.86,146,6,0.16,0.75,Medium
944,160.94,1,38.03,102,0,0.08,0.41,Low
1298,75.0,11,20.0,25,6,0.322,1.14,High
2589,131.2,0,63.11,138,3,0.077,0.0,Low
650,134.25,5,66.59,149,7,0.103,0.78,Medium
1321,153.6,2,69.92,179,2,0.033,0.37,Low
1485,148.43,3,50.93,126,0,0.039,0.58,Low
2777,154.72,3,39.94,103,1,0.057,0.48,Low
2310,157.02,3,39.36,103,1,0.086,0.46,Low
1897,69.86,16,51.53,60,13,0.352,1.45,High
1270,78.62,12,54.18,71,4,0.276,1.22,High
1124,145.32,2,57.39,139,0,0.058,0.43,Low
2211,114.74,4,62.22,119,2,0.14,0.59,Medium
1069,71.42,11,43.69,52,5,0.41,0.84,High
1898,146.25,1,67.69,165,0,0.053,0.41,Low
1020,128.1,5,58.08,124,3,0.18,0.48,Medium
818,168.22,2,44.23,124,1,0.063,0.38,Low
1622,114.81,5,51.22,98,6,0.185,0.68,Medium
1256,117.82,6,62.13,122,5,0.164,0.73,Medium
1604,120.84,6,47.67,96,4,0.187,0.66,Medium
1420,121.09,6,58.47,118,4,0.166,0.7,Medium
1964,88.53,10,50.83,75,7,0.23,0.64,High
1102,115.44,6,55.61,107,3,0.192,0.69,Medium
2283,85.27,11,54.88,78,7,0.43,1.19,High
863,135.07,3,39.98,90,1,0.131,0.51,Low
434,112.95,7,51.0,96,4,0.147,0.31,Medium
188,78.47,9,55.82,73,8,0.129,1.46,High
69,125.59,5,63.54,133,6,0.129,0.59,Medium
1730,131.82,6,44.61,98,6,0.156,0.55,Medium
751,61.62,9,57.45,59,7,0.321,0.85,High
2773,61.1,17,54.01,55,6,0.381,1.24,High
1536,160.94,2,49.58,133,3,0.053,0.42,Low
1268,76.27,14,59.0,75,8,0.316,1.0,High
2798,163.04,3,43.06,117,1,0.112,0.46,Low
2423,165.88,2,39.43,109,5,0.031,0.49,Low
2100,114.95,6,46.98,90,4,0.119,0.69,Medium
2367,120.48,6,42.83,86,8,0.153,0.9,Medium
149,56.25,8,50.13,47,8,0.337,1.31,High
311,176.94,1,70.87,209,0,0.131,0.45,Low
1617,78.6,10,51.91,68,7,0.412,1.04,High
2805,130.86,5,49.52,108,2,0.184,0.53,Medium
1229,151.46,2,57.04,144,2,0.031,0.54,Low
2968,87.48,13,69.96,102,9,0.326,1.48,High
1550,81.81,11,65.27,89,7,0.292,1.23,High
1903,113.29,4,54.55,103,4,0.168,0.62,Medium
800,79.97,9,35.26,47,7,0.299,1.23,High
1012,87.9,14,43.69,64,4,0.34,0.64,High
303,146.33,2,41.82,102,1,0.098,0.32,Low
2109,163.29,3,30.13,82,0,0.067,0.53,Low
2085,108.42,9,53.13,96,3,0.145,0.64,Medium
